.taco,Soundpack\Memes\tacobell.mp3,0.15,1.7
.bell,Soundpack\Memes\tacobell.mp3,0.15,1.7
.tbell,Soundpack\Memes\tacobell.mp3,0.15,1.7
.bruh,Soundpack\Memes\bruh.mp3,0.45,0.5
.vine,Soundpack\Memes\vine.mp3,0.2,1.3
.bonk,Soundpack\Memes\bonk.mp3,0.5,0.6
.scooby,Soundpack\Memes\scooby.mp3,0.4,1.4
.areyousure,Soundpack\Memes\are-you-sure-about-that.mp3,0.2,2.0
.oof,Soundpack\Memes\roblox-death-sound.mp3,0.8,1.0
.nutbutton,Soundpack\Memes\nut.mp3,0.8,0.4
.wrong,Soundpack\Memes\the-price-is-wrong.mp3,0.25,5.1
.failed,Soundpack\Memes\mission failed.mp3,0.1,2.2
.psx,Soundpack\Memes\ps1.mp3,0.12,18.2
.shutdown,Soundpack\Memes\shutdown.mp3,0.15,3.2
.laugh,Soundpack\Memes\sitcom laugh.mp3,0.25,7.3
.fart,Soundpack\Memes\fart.mp3,0.15,0.3
.later,Soundpack\Memes\2000 years later.mp3,0.5,3.5
.diesofcringe,Soundpack\Memes\android-sound-effect-meme.mp3,0.5,1.6
.doc,Soundpack\Memes\android-sound-effect-meme.mp3,0.5,1.6
.cringing,Soundpack\Memes\android-sound-effect-meme.mp3,0.5,1.6
.clap,Soundpack\Memes\applause-4.mp3,0.3,7.1
.applause,Soundpack\Memes\applause-4.mp3,0.3,7.1
.boo,Soundpack\Memes\boo you suck.mp3,0.45,2.5
.yousuck,Soundpack\Memes\boo you suck.mp3,0.45,2.5
.flashbang,Soundpack\Memes\flashbang.mp3,0.3,3.9
.love,Soundpack\Memes\I love you.mp3,0.15,0.9
.kek,Soundpack\Memes\kekw.mp3,0.3,4.9
.kekw,Soundpack\Memes\kekw.mp3,0.3,4.9
.meow,Soundpack\Memes\meow.mp3,0.7,1.2
.cat,Soundpack\Memes\meow.mp3,0.7,1.2
.kitty,Soundpack\Memes\meow.mp3,0.7,1.2
.passed,Soundpack\Memes\mission passed.mp3,0.45,7.5
.nya,Soundpack\Memes\nya.mp3,0.15,0.8
.enemy,Soundpack\Memes\oh the misery.mp3,0.07,1.6
.misery,Soundpack\Memes\oh the misery.mp3,0.07,1.6
.ohno,Soundpack\Memes\oh_no.mp3,0.4,0.7
.pizza,Soundpack\Memes\pizza.mp3,1.0,1.8
.rei,Soundpack\Memes\rei.mp3,1.0,3.5
.patrick,Soundpack\Memes\rei.mp3,1.0,3.5
.trombone,Soundpack\Memes\sadtrombone.mp3,0.15,3.6
.villager1,Soundpack\Memes\villager1.mp3,0.5,0.5
.hmm,Soundpack\Memes\villager1.mp3,0.5,0.5
.villager2,Soundpack\Memes\villager2.mp3,0.5,1.0
.huh,Soundpack\Memes\villager2.mp3,0.5,1.0
.wasted,Soundpack\Memes\wasted.mp3,0.3,2.2
.running,Soundpack\Memes\why_are_you_running.mp3,0.25,0.8
.whyareyourunning,Soundpack\Memes\why_are_you_running.mp3,0.25,0.8
.wow,Soundpack\Memes\wow.mp3,1.0,1.3
.yeahboy,Soundpack\Memes\yeahboy.mp3,1.0,2.1
.zero,Soundpack\Memes\zero.mp3,0.6,1.8
.dog,Soundpack\Memes\zero.mp3,0.6,1.8
.bark,Soundpack\Memes\zero.mp3,0.6,1.8
.milkshake,Soundpack\Memes\jalen having a milkshake.mp3,0.2,1.5
.shake,Soundpack\Memes\jalen having a milkshake.mp3,0.2,1.5
.me,Soundpack\Memes\Me and Michael.mp3,0.12,4.2
.alert,Soundpack\Memes\alert.mp3,0.5,1.5
.waow,Soundpack\Memes\anime-wow-sound-effect.mp3,0.5,4.2
.aurora,Soundpack\Memes\aurora borealis.mp3,1.0,1.0
.bacon,Soundpack\Memes\bacon.wav,0.25,3.024
.badum,Soundpack\Memes\badum.mp3,1.0,3.2
.bomb,Soundpack\Memes\bomb.mp3,0.8,1.6
.boowomp,Soundpack\Memes\boowomp.mp3,0.4,1.4
.boring,Soundpack\Memes\boring.mp3,0.35,1.0
.char,Soundpack\Memes\char.mp3,0.07,3.7
.circus,Soundpack\Memes\circus.mp3,0.35,6.2
.crickets,Soundpack\Memes\cricket.mp3,1.0,1.9
.dialup,Soundpack\Memes\dial up.mp3,0.8,6.1
.discord,Soundpack\Memes\discord-notification.mp3,0.25,0.5
.doit,Soundpack\Memes\do it.mp3,1.0,1.1
.doh,Soundpack\Memes\doh.mp3,0.5,0.8
.slurpee,Soundpack\Memes\drinking my slurpee.mp3,0.35,3.0
.getin,Soundpack\Memes\everyone-get-in-here_1.mp3,0.35,3.3
.fists,Soundpack\Memes\fists.wav,0.25,3.752083333333333
.foodcheck,Soundpack\Memes\foodcheck.mp3,0.8,1.8
.gong,Soundpack\Memes\gong.mp3,0.35,4.2
.grats,Soundpack\Memes\grats.mp3,0.4,1.8
.halo,Soundpack\Memes\Halo.mp3,0.4,8.1
.holy,Soundpack\Memes\holy.mp3,1.0,8.2
.cando,Soundpack\Memes\icandothat.mp3,0.35,0.7
.done,Soundpack\Memes\jobs done.mp3,0.7,0.7
.law,Soundpack\Memes\law.mp3,0.25,2.1
.loktar,Soundpack\Memes\lok'tar ogar.mp3,0.3,2.7
.source,Soundpack\Memes\made it the fuck up.mp3,0.5,2.6
.chief,Soundpack\Memes\master chief what are you doing on july 11th.mp3,0.35,3.6
.more,Soundpack\Memes\more-work.mp3,0.5,1.3
.murloc,Soundpack\Memes\murloc.wav,0.3,1.7944166666666668
.nano,Soundpack\Memes\nanomachine-son.mp3,0.35,1.6
.okay,Soundpack\Memes\okay.mp3,0.4,1.9
.onichan,Soundpack\Memes\onichan.mp3,0.2,1.1
.smoke,Soundpack\Memes\order.mp3,0.4,15.9
.ps2,Soundpack\Memes\ps2.mp3,0.3,8.7
.roger,Soundpack\Memes\roger.mp3,0.6,0.9
.sloppy,Soundpack\Memes\sloppy.mp3,0.35,1.6
.snake,Soundpack\Memes\snake death sound.mp3,0.5,5.0
.soulja,Soundpack\Memes\Soulja Boy Gets Let Down.mp3,0.5,6.7
.hams,Soundpack\Memes\steamed hams.mp3,1.0,1.1
.kripp,Soundpack\Memes\Super Kripparian 64.mp3,0.1,3.5
.thx,Soundpack\Memes\thx.mp3,0.2,12.4
.toy,Soundpack\Memes\toy.mp3,0.5,0.9
.squeak,Soundpack\Memes\toy.mp3,0.5,0.9
.tutturuu,Soundpack\Memes\tutturuu.mp3,0.75,1.4
.uav,Soundpack\Memes\uav-online.mp3,0.3,1.4
.ugh,Soundpack\Memes\ugh.mp3,0.5,1.0
.tim,Soundpack\Memes\ugh.mp3,0.5,1.0
.wombo,Soundpack\Memes\wombo.mp3,0.15,2.0
.work,Soundpack\Memes\work work.mp3,0.7,1.7
.wot,Soundpack\Memes\wot.mp3,0.6,1.6
.xfiles,Soundpack\Memes\xfiles.mp3,0.3,2.0
.yabba,Soundpack\Memes\yabba.mp3,0.2,3.0
.fred,Soundpack\Memes\yabba.mp3,0.2,3.0
.flintstones,Soundpack\Memes\yabba.mp3,0.2,3.0
.shaxx,Soundpack\Memes\yes.mp3,0.8,2.3
.crank,Soundpack\Memes\you.mp3,1.0,0.8
.what,Soundpack\Memes\what.mp3,0.6,0.9
.betrayal,Soundpack\Memes\betrayal.mp3,0.2,1.3
.lust,Soundpack\Memes\lust.mp3,0.4,2.7
.beer,Soundpack\Memes\BEER.mp3,0.3,1.2
.peter,Soundpack\Memes\peter laugh.mp3,0.22,1.3
.fartverb,Soundpack\Memes\fartverb.mp3,0.5,3.2
.america,Soundpack\Memes\america.mp3,0.6,3.0
.trapcard,Soundpack\Memes\trapcard.mp3,1.0,2.2
.greed,Soundpack\Memes\greed.mp3,0.4,6.5
.jason,Soundpack\Memes\jason.mp3,0.5,1.2
.sean,Soundpack\Memes\shawn.mp3,0.8,0.8
.courage,Soundpack\Memes\courage-speak.mp3,0.6,4.3
.johnny,Soundpack\Memes\Do the monkey.mp3,0.4,1.0
.piss,Soundpack\Memes\piss.mp3,1.0,3.9
.tetris,Soundpack\Memes\tetris.mp3,1.0,0.9
.neck,Soundpack\Memes\neck and neck.mp3,1.0,0.6
.darkness,Soundpack\Memes\darkness.mp3,1.0,3.8
.shot,Soundpack\Memes\nice shot.mp3,0.7,1.0
.cock,Soundpack\Memes\Nice cock.mp3,0.55,1.5
.ss2,Soundpack\Memes\sea-shanty-2.mp3,0.5,2.4
.seashanty2,Soundpack\Memes\sea-shanty-2.mp3,0.5,2.4
.hit,Soundpack\Memes\rs hit.mp3,0.6,0.2
.anduin,Soundpack\Memes\anduin wow.mp3,0.45,0.8
.oven,Soundpack\Memes\Why Do They Call It Oven .mp3,0.75,7.3
.now,Soundpack/Custom/ltgnow.wav,0.2,1.2012244897959183
.frieza,Soundpack\Memes\hello monkeys.mp3,0.7,1.3
.monkeys,Soundpack\Memes\hello monkeys.mp3,0.7,1.3
.ui,Soundpack\Memes\ui.mp3,0.75,0.6
.damp,Soundpack\Memes\damp.mp3,0.5,2.5
.pimp,Soundpack\Memes\my bad pimp.mp3,0.75,1.1
.mybad,Soundpack\Memes\my bad pimp.mp3,0.75,1.1
.bird,Soundpack\Memes\birb-up.mp3,0.5,3.4
.bwah,Soundpack\Memes\bwah.mp3,0.8,1.5
.coda,Soundpack\Memes\damaged_coda.mp3,0.3,6.8
.bobby,Soundpack\Memes\dang-it-bobby.mp3,1.0,1.3
.daytona,Soundpack\Memes\daytona.mp3,0.3,4.0
.doot,Soundpack\Memes\doot daytona.mp3,0.6,0.2
.dootdoot,Soundpack\Memes\dootdoot daytona.mp3,0.4,4.0
.giggity,Soundpack\Memes\giggity.mp3,0.65,1.8
.giddy,Soundpack\Memes\I'm feeling giddy.wav,0.4,1.2634013605442176
.win,Soundpack\Memes\I'm going to win.wav,0.4,1.6384580498866212
.charge,Soundpack\Memes\I'm in charge now.mp3,0.4,2.0
.sad,Soundpack\Memes\I'm very sad.mp3,0.4,1.3
.kaboom,Soundpack\Memes\kaboom.wav,0.3,1.6864754098360655
.sploosh,Soundpack\Memes\sploosh.wav,0.4,1.3657786885245902
.kevin,Soundpack\Memes\kevin.mp3,0.5,1.2
.mine,Soundpack\Memes\mine.mp3,0.45,6.4
.misinput,Soundpack\Memes\misinput.mp3,0.3,5.7
.mweep,Soundpack\Memes\mweep.wav,0.6,0.34444444444444444
.mikey,Soundpack\Memes\OH SHIT MIKEY YAKSON.mp3,0.7,2.5
.banana,Soundpack\Memes\oh_banana.mp3,0.4,2.3
.patches,Soundpack\Memes\patches yaharr.wav,0.4,3.4452291666666666
.yaharr,Soundpack\Memes\patches yaharr.wav,0.4,3.4452291666666666
.rolling,Soundpack\Memes\rolling start.mp3,0.35,7.0
.gorilla,Soundpack\Memes\Tarzan says Gorilla English.mp3,0.3,2.1
.wagh,Soundpack\Memes\wagh.mp3,0.5,3.5
.blaine,Soundpack\Memes\when you're hot you're hot.wav,0.5,1.0129705215419502
.wort,Soundpack\Memes\wort.mp3,0.4,1.1
.woop,Soundpack\Memes\zoidberg-woop-woop.mp3,1.0,2.2
.money,Soundpack\Memes\I like money.mp3,0.4,0.8
.ambatukum,Soundpack\Memes\ambatukum.mp3,0.4,3.4
.joker,Soundpack\Memes\joker.mp3,0.6,2.0
.barnacles,Soundpack\Memes\barnacles.mp3,1.0,3.2
.door,Soundpack\Memes\door stuck.mp3,0.5,2.6
.tidus,Soundpack\Memes\tidus.mp3,1.0,3.5
.hogger,Soundpack\Memes\hoggarrr.wav,0.5,2.238354166666667
.kingler,Soundpack\Memes\kingler.wav,0.5,0.3831292517006803
.cloyster,Soundpack\Memes\cl-l-l-l-l-l-loyster.wav,0.4,1.4918820861678004
.venomoth,Soundpack\Memes\venomth.wav,0.5,0.43682539682539684
.nido,Soundpack\Memes\nidoqueen.wav,0.35,1.4048072562358276
.guardian,Soundpack\Memes\cum_guardian.wav,0.4,1.2920634920634921
.pluto,Soundpack\Pals\plutoisabitch.mp3,1.0,2.4
.bitch,Soundpack\Pals\plutoisabitch.mp3,1.0,2.4
.cos,Soundpack\Pals\circle of scorn.mp3,0.2,1.0
.circleofscorn,Soundpack\Pals\circle of scorn.mp3,0.2,1.0
.cringe,Soundpack\Pals\CRINGE.mp3,0.8,0.9
.bio,Soundpack\Pals\drain the main vein.mp3,0.4,3.0
.mainvein.vein,Soundpack\Pals\drain the main vein.mp3,0.4,3.0
.poggers,Soundpack\Pals\eien_poggers.mp3,0.5,1.0
.nut,Soundpack\Pals\fat fucking nut cut.mp3,0.25,1.7
.mike,Soundpack\Pals\fuck mike.mp3,0.8,1.0
.fuckpluto,Soundpack\Pals\fuck you pluto.mp3,0.2,1.2
.fuckyou,Soundpack\Pals\FUCK YOU.mp3,0.6,0.8
.embolden,Soundpack\Pals\FUCK YOU.mp3,0.6,0.8
.brbr,Soundpack\Pals\gahhh brbrbrbr.mp3,0.35,1.2
.gobble,Soundpack\Pals\gobble my cock.mp3,0.2,2.0
.confiteor,Soundpack\Pals\grapefiteor.mp3,0.45,2.0
.grapefruit,Soundpack\Pals\grapefiteor.mp3,0.45,2.0
.grapefiteor,Soundpack\Pals\grapefiteor.mp3,0.45,2.0
.griefer,Soundpack\Pals\griefer.mp3,0.55,0.3
.jalen,Soundpack\Pals\howlongcanyouscream.mp3,0.25,11.7
.ugly,Soundpack\Pals\I just want you to know you're ugly.mp3,0.5,1.2
.poop,Soundpack\Pals\jalen poopie a lot.mp3,0.25,1.6
.keikaku,Soundpack\Pals\keikaku.mp3,0.8,1.3
.mdp,Soundpack\Pals\mdp.mp3,0.9,1.7
.mmc,Soundpack\Pals\mmc.mp3,1.0,1.2
.activated,Soundpack\Pals\neuron activated.mp3,0.5,1.3
.deactivated,Soundpack\Pals\neuron deactivated.mp3,0.5,1.3
.nroom,Soundpack\Pals\NROOOM.mp3,1.0,0.6
.asshole,Soundpack\Pals\pluto's asshole.mp3,0.35,2.1
.rinkarigani,Soundpack\Pals\rin karigani I love you.mp3,0.6,3.4
.sugma,Soundpack\Pals\sugma.mp3,0.4,3.3
.vouch,Soundpack\Pals\VOUCH FOR ME.mp3,0.5,0.8
.yeowch,Soundpack\Pals\YEOWCH.mp3,1.0,0.6
.alpha,Soundpack\Pals\alpha is crushing my nuts.mp3,1.0,4.4
.backshots,Soundpack\Pals\back shots.mp3,1.0,1.9
.berzerking,Soundpack\Pals\berzerking.mp3,0.5,9.5
.bro,Soundpack\Pals\bro.mp3,0.4,1.1
.cum,Soundpack\Pals\chug in the cum bro.mp3,0.25,1.7
.cliff,Soundpack\Pals\cliff.mp3,0.4,1.6
.content,Soundpack\Pals\content is content.mp3,0.7,1.2
.doomah,Soundpack\Pals\doomah backwards.mp3,0.25,5.5
.fallout,Soundpack\Pals\fallout_jalen.mp3,0.3,3.7
.googoo,Soundpack\Pals\goo goo gaga damage.mp3,0.35,1.8
.greasy,Soundpack\Pals\greasy gunky gamer.mp3,1.0,1.9
.gunky,Soundpack\Pals\greasy gunky gamer.mp3,1.0,1.9
.gamer,Soundpack\Pals\greasy gunky gamer.mp3,1.0,1.9
.hot,Soundpack\Pals\hot.mp3,0.7,4.1
.cleave,Soundpack\Pals\I will not cleave the party.mp3,0.5,1.7
.letsgo,Soundpack\Pals\lets go babyyyyyyyyyyyyyyyyyyyyy.mp3,0.6,6.1
.listen,Soundpack\Pals\listen.mp3,0.8,0.6
.mario,Soundpack\Pals\mario.mp3,0.6,1.3
.mercenaries,Soundpack\Pals\mercenaries.mp3,0.4,1.6
.monke,Soundpack\Pals\monkE.mp3,0.5,2.5
.noustfu,Soundpack\Pals\noustfu.mp3,1.0,1.0
.nyoam,Soundpack\Pals\nyooammmm.mp3,0.25,1.1
.penis,Soundpack\Pals\penis pluto.mp3,0.8,1.3
.punish,Soundpack\Pals\punish me.mp3,0.4,3.9
.riding,Soundpack\Pals\riding my nuts.mp3,0.8,1.0
.michael,Soundpack\Pals\stfu.mp3,0.8,2.2
.whoa,Soundpack\Pals\whoa.mp3,0.7,0.9
.smash,Soundpack\Pals\smash.mp3,1.0,3.3
.gigashit,Soundpack\Pals\gigashit fart per second.mp3,0.7,4.1
.aboot,Soundpack\Pals\aboot.mp3,1.0,0.9
.ankles,Soundpack\Pals\ankles.mp3,0.8,1.3
.baka,Soundpack\Pals\baka.mp3,0.8,1.2
.cover,Soundpack\Pals\cover.mp3,0.5,1.4
.dms,Soundpack\Pals\dms.mp3,0.4,4.5
.elope,Soundpack\Pals\elope.mp3,0.5,1.7
.fingers,Soundpack\Pals\fingers.mp3,0.9,1.8
.flameshot,Soundpack\Pals\flameshot.mp3,0.2,16.4
.gift,Soundpack\Pals\gift.mp3,0.5,0.7
.go,Soundpack\Pals\go.mp3,0.2,2.0
.goblin,Soundpack\Pals\goblin.mp3,0.5,1.0
.going,Soundpack\Pals\goingin.mp3,0.2,2.1
.hand,Soundpack\Pals\hand.mp3,0.4,1.3
.healer,Soundpack\Pals\healer.mp3,0.6,1.6
.help,Soundpack\Pals\HELP.mp3,0.15,3.2
.hurricane,Soundpack\Pals\hurricane.mp3,0.8,3.4
.knew,Soundpack\Pals\I KNEW IT.mp3,0.5,1.5
.insides,Soundpack\Pals\insides.mp3,0.8,1.5
.trap,Soundpack\Pals\it's a trap.mp3,0.5,1.9
.kid,Soundpack\Pals\kid.mp3,0.8,1.0
.lfg,Soundpack\Pals\LFG.mp3,0.4,2.6
.lose,Soundpack\Pals\lose.mp3,0.8,3.1
.engage,Soundpack\Pals\microeienwave engage.mp3,0.5,1.2
.cd,Soundpack\Pals\microeienwave.mp3,0.5,3.5
.countdown,Soundpack\Pals\microeienwave.mp3,0.5,3.5
.notagain,Soundpack\Pals\not again.mp3,0.5,3.3
.phasmo,Soundpack\Pals\OH FUCK.mp3,0.2,0.9
.famo,Soundpack\Pals\OH FUCK.mp3,0.2,0.9
.power,Soundpack\Pals\power.mp3,0.4,0.9
.raidlead,Soundpack\Pals\raidlead.mp3,0.5,3.1
.taako,Soundpack\Pals\raidlead.mp3,0.5,3.1
.hello,Soundpack\Pals\ryan hello.mp3,0.5,0.6
.shirk,Soundpack\Pals\S H I R K.mp3,0.4,1.0
.sexy,Soundpack\Pals\sexy.mp3,0.5,1.8
.stream,Soundpack\Pals\stream.mp3,0.8,0.7
.think,Soundpack\Pals\think.mp3,0.8,4.3
.twister,Soundpack\Pals\twister.mp3,0.5,0.7
.wtf,Soundpack\Pals\w t f.mp3,1.0,1.5
.creaming,Soundpack\Pals\creaming.mp3,0.8,1.2
.eating,Soundpack\Pals\eating.mp3,0.5,2.4
.sudoku,Soundpack\Pals\sudoku.mp3,0.6,3.3
.tb,Soundpack\Pals\tankbuster.mp3,0.8,1.5
.tankbuster,Soundpack\Pals\tankbuster.mp3,0.8,1.5
.yes,Soundpack\Pals\YES loud.mp3,0.08,2.4
.fellcleave,Soundpack\Pals\fell cleave.mp3,0.5,2.0
.fc,Soundpack\Pals\fell cleave.mp3,0.5,2.0
.omiga,Soundpack\Pals\omiga.mp3,1.0,2.1
.omeeguh,Soundpack\Pals\omeeguh.mp3,0.5,0.4
.joon,Soundpack\Pals\joon.mp3,0.75,5.1
.brudda,Soundpack\Pals\omeeguh my brudda.mp3,0.6,1.2
.brain,Soundpack/Custom/brain.wav,0.2,2.4102916666666667
.cuck,Soundpack\Pals\cuck.mp3,0.4,3.6
.flip,Soundpack\Pals\do a flip.mp3,0.4,0.8
.habrbr,Soundpack\Pals\habrbr.mp3,0.4,1.1
.heal,Soundpack\Pals\heal yourself bitch.mp3,0.5,0.8
.gm,Soundpack\Pals\hello michael.mp3,0.4,1.2
.idk,Soundpack\Pals\idk where we are in the fight.mp3,0.4,2.5
.joobie,Soundpack\Pals\joobie.mp3,0.5,1.8
.knock,Soundpack\Pals\knock on wood.mp3,0.6,1.4
.krabs,Soundpack\Pals\krabs.mp3,0.4,0.2
.golf,Soundpack\Pals\michael golf with your friends moment.mp3,0.3,1.7
.shrigma,Soundpack\Pals\shrigma.mp3,0.4,3.3
.valorant,Soundpack\Pals\valorant.mp3,0.4,2.7
.fatcock,Soundpack\Pals\sucking a fat cock.mp3,0.4,1.8
.unlucky,Soundpack\Pals\unlucky.mp3,0.4,0.7
.hate,Soundpack\Pals\I hate this bitch.mp3,0.5,1.9
.save,Soundpack\Pals\save me.mp3,0.3,2.9
.ahh,Soundpack\Pals\eien literally dying.mp3,0.4,3.1
.cancel,Soundpack\Pals\cancel your ass.mp3,0.4,1.8
.10years,Soundpack/Custom/10_years_in_the_joint.wav,0.5,2.906621315192744
.40nuts,Soundpack/Custom/squirrely_scout.wav,0.6,4.609160997732427
.4head,Soundpack/Custom/4head.wav,0.2,0.9734166666666667
.4what,Soundpack/Custom/forwhat.wav,1.0,0.8654195011337869
.66,Soundpack/Custom/order66.mp3,0.2,3.7
.88k,Soundpack/Custom/a_d_8_k_-_eien.mp3,0.15,2.1
.9pm,Soundpack/Custom/9pm.wav,0.5,2.191145833333333
.D:,Soundpack/Custom/captial_d_colon.wav,0.5,1.7968541666666666
.a,Soundpack/Custom/gawr-gura-a.mp3,0.5,1.9
.aa,Soundpack/Custom/aa.wav,0.02,1.0443083900226757
.aaaooo,Soundpack/Custom/aaaooo.wav,0.5,1.2167120181405895
.aaaugh,Soundpack/Custom/aaaugh.wav,1.0,0.9401041666666666
.aack,Soundpack/Custom/pain4.wav,0.3,0.38866213151927437
.acnl,Soundpack/Custom/acnl.wav,0.5,6.664541666666667
.ae,Soundpack/Custom/ae.wav,0.02,0.3475283446712018
.aeiou,Soundpack/Custom/aeiou.wav,0.7,0.603718820861678
.again,Soundpack/Custom/again.mp3,1.0,3.1
.ahh2,Soundpack/Custom/zaytoven_ahh.mp3,0.5,0.7
.aim,Soundpack/Custom/aim.wav,0.1,0.373375
.alala,Soundpack/Custom/alala.wav,0.4,0.9417083333333334
.allthe,Soundpack/Custom/allthe.wav,0.15,1.3047392290249433
.alrighty,Soundpack/Custom/allllrighty-then.mp3,0.5,1.7
.amazing,Soundpack/Custom/thats-amazing_i8ctuCt.mp3,0.5,1.2
.amen,Soundpack/Custom/amen.wav,0.5,1.6181875
.amongus,Soundpack/Custom/amongus.wav,1.0,0.5516326530612244
.ao,Soundpack/Custom/ao.wav,0.02,0.34718820861678007
.aol,Soundpack/Custom/aol-instant-messenger-trimmed.mp3,0.4,1.7
.arcane,Soundpack/Custom/arcane_circle.wav,0.4,1.5343333333333333
.argh,Soundpack/Custom/pain1.wav,0.3,0.8274829931972789
.armpit,Soundpack/Custom/armpit_enjoyer.mp3,0.15,0.9
.atonements,Soundpack/Custom/atonements.wav,0.5,1.8805
.attacked,Soundpack/Custom/attacked.wav,0.4,0.6925396825396826
.awp,Soundpack/Custom/cs_go-awp-sound.mp3,0.3,2.0
.awpflicks,Soundpack/Custom/awpflicks.wav,0.1,0.9883333333333333
.aww,Soundpack/Custom/aww.wav,0.5,1.5189115646258504
.ay,Soundpack/Custom/ay.wav,0.02,1.3901360544217687
.ayaya,Soundpack/Custom/ayaya.wav,0.4,0.7498185941043084
.ayayay,Soundpack/Custom/ayayay.wav,0.4,1.13075
.aye,Soundpack/Custom/aye.wav,0.15,1.7298866213151927
.backhere,Soundpack/Custom/Get_Your_Ass_Back_Here.wav,0.4,1.8463038548752835
.bad,Soundpack/Custom/bad-to-the-bone-meme.mp3,0.2,2.5
.badben1,Soundpack/Custom/bad_ben_ass.wav,0.4,0.6327437641723356
.badben2,Soundpack/Custom/bad_ben_fuck.wav,0.4,0.4382766439909297
.badben3,Soundpack/Custom/bad_ben_shit.wav,0.4,0.6501587301587302
.badben4,Soundpack/Custom/bad_ben_god_damn_it.wav,0.4,0.7343310657596371
.badong,Soundpack/Custom/badong.wav,0.4,2.081111111111111
.baja,Soundpack/Custom/baja_blast_moment.wav,1.0,2.324125
.bald,Soundpack/Custom/bald.wav,0.6,0.8185034013605442
.baldman,Soundpack/Custom/ElevenLabs_2024-06-14T07_56_51_Adam_pre_s85_sb75_se24_b_m2.mp3,0.4,2.2
.ballin,Soundpack/Custom/ballin.mp3,0.15,1.5
.balls,Soundpack/Custom/balls.mp3,0.2,2.0
.banjo,Soundpack/Custom/vc_buddy_appeal03.wav,0.6,0.40441666666666665
.banjo2,Soundpack/Custom/vc_buddy_ottotto.wav,0.6,0.4898958333333333
.banjo3,Soundpack/Custom/vc_buddy_wakeup.wav,0.6,0.35383333333333333
.banjo4,Soundpack/Custom/vc_buddy_knockout.wav,0.6,2.3036875
.basuta,Soundpack/Custom/potemkin_basuta.wav,0.6,5.110430839002268
.bb1,Soundpack/Custom/bb1.ogg,0.3,0.9
.bb2,Soundpack/Custom/bb2.ogg,0.3,1.3
.bb3,Soundpack/Custom/bb3.wav,0.5,2.6416326530612246
.beter,Soundpack/Custom/ey_beter.wav,0.4,1.0153061224489797
.better,Soundpack/Custom/you_could_be_better.wav,0.8,2.2159791666666666
.bigger,Soundpack/Custom/bigger.wav,0.3,2.066575963718821
.bigot,Soundpack/Custom/bigot.wav,0.5,0.7566666666666667
.bill1,Soundpack/Custom/bill1.wav,0.2,1.1372083333333334
.bill2,Soundpack/Custom/bill2.wav,0.2,0.80575
.bill3,Soundpack/Custom/bill3.wav,0.2,0.72575
.bill4,Soundpack/Custom/bill4.wav,0.2,0.8000416666666667
.birb,Soundpack/Custom/OISEAU57.wav,0.5,0.49342403628117915
.bite,Soundpack/Custom/bite_of_87.wav,0.7,1.7349375
.bitties,Soundpack/Custom/tig_ol_bitties.wav,0.15,2.4065532879818594
.bj,Soundpack/Custom/bj.mp3,0.05,2.9
.black,Soundpack/Custom/black.wav,0.7,1.2720833333333332
.blast,Soundpack/Custom/blast.wav,0.3,2.3148541666666667
.blegh,Soundpack/Custom/Kirby-blegh.wav,0.15,0.7362291666666667
.blind,Soundpack/Custom/blind.wav,0.65,2.6026666666666665
.blj,Soundpack/Custom/npc-yc_mario-win.wav,0.5,1.0387755102040817
.bll,Soundpack/Custom/bll.mp3,0.2,2.1
.blm,Soundpack/Custom/blm.wav,0.3,1.7573333333333334
.blunt,Soundpack/Custom/blunt.wav,0.3,1.8614583333333334
.bmb1,Soundpack/Custom/bmb1.wav,0.1,2.1453061224489796
.bmb2,Soundpack/Custom/bmb2.wav,0.1,1.7408616780045352
.bmb3,Soundpack/Custom/bmb3.wav,0.1,1.290249433106576
.bmb4,Soundpack/Custom/bmb4.wav,0.1,3.4202267573696146
.bmb5,Soundpack/Custom/bmb5.wav,0.1,1.280045351473923
.bmbda,Soundpack/Custom/bmbda.wav,0.1,1.5718820861678005
.bnd,Soundpack/Custom/boy-next-door.mp3,0.3,1.1
.bombplant,Soundpack/Custom/bombplant.wav,0.1,1.3836458333333332
.boost,Soundpack/Custom/you_got_boost_power.wav,0.5,2.192
.boss,Soundpack/Custom/boss_of_this_gym.wav,1.0,1.6117233560090702
.bowling,Soundpack/Custom/bowling.wav,0.4,2.2644583333333332
.bowser,Soundpack/Custom/Sample_0063.wav,0.25,1.13553125
.boy,Soundpack/Custom/boy.wav,0.6,0.5328571428571428
.boyfriend,Soundpack/Custom/not_your_boyfriend.wav,0.6,1.4947845804988662
.bp,Soundpack/Custom/bp.wav,0.02,1.3993877551020408
.braccus,Soundpack/Custom/Braccus_Slurp.wav,0.7,2.7999791666666667
.brainlag,Soundpack/Custom/brainlag.mp3,0.2,6.3
.brainpower,Soundpack/Custom/brain_power.mp3,0.3,1.4
.brawl,Soundpack/Custom/brawl.wav,0.1,8.6662358276644
.break,Soundpack/Custom/break.wav,0.1,3.96843537414966
.breathing,Soundpack/Custom/breathing.wav,1.0,1.2197708333333332
.breathingin,Soundpack/Custom/breathing_in.wav,0.2,1.8243990929705216
.brode,Soundpack/Custom/ben-brode2_1.wav,0.2,5.127324263038549
.broke,Soundpack/Custom/broke.wav,0.5,1.6718367346938776
.bsohh,Soundpack/Custom/Big_Smoke_Ohhh_Sound_Effect_Clean.mp3,0.5,1.2
.btr,Soundpack/Custom/big_time_rush_vocals.wav,0.15,3.9520408163265306
.buildup,Soundpack/Custom/buildup.wav,0.05,1.988843537414966
.buildup2,Soundpack/Custom/buildup2.wav,0.04,1.02578231292517
.bunnyhopping,Soundpack/Custom/bunnyhopping.wav,0.1,0.6881875
.burp,Soundpack/Custom/burp.wav,0.5,0.5984791666666667
.buzz,Soundpack/Custom/monkeys.wav,0.7,2.0549659863945577
.buzzer,Soundpack/Custom/buzzer.mp3,0.2,1.2
.bwoke,Soundpack/Custom/bwoke_it.wav,0.6,1.751655328798186
.bye,Soundpack/Custom/shop_0.aw_00000025.wav,0.5,0.8883196721311475
.cake1,Soundpack/Custom/cake1.wav,0.25,1.9229931972789116
.cake2,Soundpack/Custom/cake2.wav,0.25,2.1394331065759635
.callofdutyadvancedwarfarexboxone,Soundpack/Custom/copy_that.wav,0.5,0.6727437641723356
.camera,Soundpack/Custom/sm64_camera_click.wav,1.0,0.186
.cancer,Soundpack/Custom/cancer.wav,0.5,5.478104166666666
.cantina,Soundpack/Custom/cantina_theme.wav,0.15,3.660136054421769
.caress,Soundpack/Custom/frieza_balls.wav,0.4,6.754512471655329
.carl,Soundpack/Custom/carl.wav,0.5,3.3160833333333333
.carpet,Soundpack/Custom/in_the_house_like_carpet.wav,0.6,2.148843537414966
.casterstrats,Soundpack/Custom/caster_strats.mp3,0.6,7.9
.cdw,Soundpack/Custom/change_da_world.wav,0.2,7.514583333333333
.chair,./Soundpack/Custom/chair.wav,1.0,2.1149583333333335
.chalmers,Soundpack/Custom/chalmers.wav,0.5,1.7615192743764172
.changed,Soundpack/Custom/everything_changed.wav,0.4,1.1430839002267574
.cheese,Soundpack/Custom/James_May_says_cheese..mp3,0.4,1.7
.cheesy,Soundpack/Custom/cheesy.wav,0.3,1.2001587301587302
.chimp,Soundpack/Custom/chimp.wav,0.5,2.2871041666666665
.china,Soundpack/Custom/china.wav,0.5,1.6190833333333334
.chipi,Soundpack/Custom/soad_chipi.wav,0.15,6.5108390022675735
.chomp,Soundpack/Custom/chomp.mp3,0.6,0.5
.cinderella,Soundpack/Custom/cinderella.wav,0.2,2.4997083333333334
.clams,Soundpack/Custom/clams.wav,0.5,1.7614965986394557
.clear,Soundpack/Custom/clear.mp3,0.1,2.2
.click,Soundpack/Custom/click.wav,1.0,0.7900907029478458
.close,Soundpack/Custom/oak7.wav,0.5,1.0
.clue,Soundpack/Custom/clue.wav,0.4,1.0898958333333333
.clutch,Soundpack/Custom/clutch.wav,0.6,2.8572562358276645
.cockout,Soundpack/Custom/cockout.wav,0.2,1.1305668934240363
.cocky,Soundpack/Custom/cocky.wav,0.3,1.359251700680272
.come,Soundpack/Custom/Wave24.wav,0.2,0.6181859410430839
.commander,Soundpack/Custom/commander.mp3,0.3,2.0
.communication,Soundpack/Custom/communication.wav,0.1,2.6208958333333334
.computer,Soundpack/Custom/mario_nice_computer.wav,0.4,5.005270833333333
.computers,Soundpack/Custom/computers.wav,0.4,1.2693197278911565
.consoles,Soundpack/Custom/consoles.wav,0.4,1.4808843537414966
.cook,Soundpack/Custom/let_him_cook.wav,0.5,1.5196371882086168
.cool,Soundpack/Custom/ggst-cool.wav,0.35,1.242875
.cop,Soundpack/Custom/outlast_cop.wav,0.6,2.2338548752834466
.cops,Soundpack/Custom/cops.wav,0.05,4.888503401360544
.corn,Soundpack/Custom/corn.mp3,0.5,2.5
.correct,Soundpack/Custom/correct.wav,0.2,6.689659863945578
.counter,Soundpack/Custom/counter.wav,0.15,1.531859410430839
.cow,Soundpack/Custom/cow-moo.mp3,0.2,1.6
.crabrave,Soundpack/Custom/crabrave.wav,0.07,3.830997732426304
.crash,Soundpack/Custom/crash-bandicoot-sounds-woah_Px27tQT.mp3,0.5,0.6
.crosshair,Soundpack/Custom/crosshair.wav,0.1,0.8053125
.cub,Soundpack/Custom/cub.wav,0.2,1.5738125
.cuhh,Soundpack/Custom/im-about-to-cuhh.mp3,0.3,10.1
.cyberpunk,Soundpack/Custom/cyberpunked.mp3,0.1,1.8
.d,Soundpack/Custom/d.wav,0.2,2.216145124716553
.d4,Soundpack/Custom/d4.wav,0.3,3.1454583333333335
.dababy,Soundpack/Custom/dababy_lets_go.mp3,0.35,1.8
.dada,Soundpack/Custom/dada.wav,0.4,0.23579166666666668
.daddy,Soundpack/Custom/daddy.wav,0.3,3.70281179138322
.damedane,Soundpack/Custom/damedane.wav,0.08,5.750068027210884
.damm,Soundpack/Custom/damm.mp3,0.15,0.5
.danger,Soundpack/Custom/ralph.wav,0.8,1.8352607709750568
.darkrai,Soundpack/Custom/goaway.wav,1.0,2.188375
.darude,Soundpack/Custom/darude.wav,0.1,3.1251875
.dayum,./Soundpack/Custom/dayum.wav,1.0,0.8242630385487528
.dc,Soundpack/Custom/Windows_Hardware_Remove.wav,1.0,1.1964625850340136
.ddf,Soundpack/Custom/Deep_Dark_Fantasy.wav,0.7,2.3353514739229024
.dead,Soundpack/Custom/dead.wav,0.3,1.9179166666666667
.dedededededede,Soundpack/Custom/dedededededede.wav,0.4,0.8831041666666667
.despacito,Soundpack/Custom/despacito.wav,0.08,1.0087528344671202
.destroyed,Soundpack/Custom/NA_1604_BtlEnd_Destroyed.ogg,0.35,1.8
.detail,Soundpack/Custom/16.mp3,0.5,2.2
.detention,Soundpack/Custom/detention.ogg,1.0,1.8
.devastation,Soundpack/Custom/ElevenLabs_2024-06-14T07_46_24_Adam_pre_s85_sb75_se24_b_m2.mp3,0.4,5.0
.devilish,Soundpack/Custom/devilish.wav,0.5,3.6809523809523808
.dicks,Soundpack/Custom/dicks.wav,1.0,2.3322448979591837
.disgusting,Soundpack/Custom/cty01_n05_sd.wav,0.3,3.2426666666666666
.dissing,Soundpack/Custom/dissing.wav,0.3,1.606375
.dm,Soundpack/Custom/dungeon-master_lH2ReGX.mp3,0.4,1.0
.docking,Soundpack/Custom/docking.wav,0.5,0.83575
.dodododododo,Soundpack/Custom/dodododododo.wav,0.4,0.8873958333333334
.donation,Soundpack/Custom/donation.wav,0.2,4.968843537414966
.dong,Soundpack/Custom/dingdingdong.wav,0.2,3.3067573696145125
.dooker,Soundpack/Custom/dooker.mp3,0.5,3.4
.doorhole,Soundpack/Custom/doorhole.wav,0.8,2.0296825396825398
.dotf1,Soundpack/Custom/duel_of_the_fates_1.wav,0.2,7.42265306122449
.dotf2,Soundpack/Custom/duel_of_the_fates_2.wav,0.2,8.32938775510204
.dough,Soundpack/Custom/mario-doh.WAV,1.0,0.572
.downed,Soundpack/Custom/Fortnite_Death_-_Sound_Effect_HD.mp3,0.3,2.0
.dudu,Soundpack/Custom/didi.wav,0.4,0.23579166666666668
.dududududu,Soundpack/Custom/dududududu.wav,0.4,0.6487708333333333
.dududududududu,Soundpack/Custom/dududududududu.wav,0.4,0.8692291666666667
.duhduh,Soundpack/Custom/duhduh.wav,0.02,0.7069841269841269
.dukem1,Soundpack/Custom/duke_nukem_1.wav,0.1,2.3604583333333333
.dukem2,Soundpack/Custom/duke_nukem_2.wav,0.1,2.0342083333333334
.dukem3,Soundpack/Custom/duke_nukem_3.wav,0.1,2.154166666666667
.e,Soundpack/Custom/E.mp3,0.15,1.6
.ea,Soundpack/Custom/ea.wav,0.02,0.6933560090702948
.eagle,Soundpack/Custom/eagle.mp3,0.3,2.5
.eat,Soundpack/Custom/eat.wav,0.35,1.4758956916099772
.ebgames,Soundpack/Custom/ebgames.wav,0.5,2.7160317460317462
.economy,Soundpack/Custom/economy.wav,0.1,1.6032708333333334
.egads,Soundpack/Custom/egads.wav,0.5,1.0326077097505668
.egg,Soundpack/Custom/James_May_says_Egg.mp3,0.4,0.7
.ehluigi,Soundpack/Custom/hotel_mario_eh_luigi.wav,1.0,3.8519954648526076
.elite,Soundpack/Custom/woboba.mp3,0.3,1.7
.empire,Soundpack/Custom/your-new-empire-4hj.mp3,0.2,5.0
.enigma,Soundpack/Custom/the_inner_machinations_of_my_mind_are_an_enigma.wav,0.7,3.2536961451247164
.epic,Soundpack/Custom/epic.wav,0.03,3.6491383219954647
.epic2,Soundpack/Custom/epic2.wav,0.03,7.9904988662131515
.epic3,Soundpack/Custom/agnus_dei.mp3,0.1,6.9
.error,Soundpack/Custom/error.mp3,0.2,1.0
.excuse,Soundpack/Custom/excuse_you.wav,0.5,0.36395833333333333
.facts,Soundpack/Custom/facts.wav,0.7,1.9869166666666667
.failure,Soundpack/Custom/nr_1p08.dsp.wav,0.4,1.251
.faker,Soundpack/Custom/file_439_001.wav,0.5,1.9853061224489796
.faker?,Soundpack/Custom/faker.wav,0.5,0.841859410430839
.falco,Soundpack/Custom/nr_name04.dsp.wav,0.4,0.8168333333333333
.falcon,Soundpack/Custom/nr_name00.dsp.wav,0.4,1.1621666666666666
.falling,Soundpack/Custom/falling.wav,0.6,2.1535208333333333
.fantastic,Soundpack/Custom/fantastic.wav,0.1,1.7570208333333333
.fartin,Soundpack/Custom/fartin.wav,0.1,5.0941496598639455
.feint,Soundpack/Custom/feint.wav,0.5,2.313375
.finger,Soundpack/Custom/stick-your-finger-in-my-ass.mp3,0.75,2.4
.fire,Soundpack/Custom/fire.wav,0.4,0.4319047619047619
.firenation,Soundpack/Custom/firenation.wav,0.4,0.7968027210884354
.fishon,Soundpack/Custom/fish.wav,0.1,2.875079365079365
.fisting,Soundpack/Custom/fisting.wav,0.4,2.833015873015873
.flabbergast,Soundpack/Custom/michael_doing_somthing_idk.wav,1.0,0.9718541666666667
.flap,Soundpack/Custom/final_lap.wav,0.5,2.976
.fortnite,Soundpack/Custom/battlepass.wav,0.1,1.8713378684807256
.found,Soundpack/Custom/found.mp3,0.5,1.2
.fox,Soundpack/Custom/nr_name05.dsp.wav,0.4,0.6201666666666666
.fpass,Soundpack/Custom/fpass.wav,1.0,2.4347392290249434
.freddy,Soundpack/Custom/freddy.wav,0.2,4.999795918367347
.friday,Soundpack/Custom/friday.wav,0.15,5.0056235827664395
.fridaynight1,Soundpack/Custom/friday_night_1.wav,0.1,7.603696145124717
.fridaynight2,Soundpack/Custom/friday_night_2.wav,0.1,3.826213151927438
.fuckrin,Soundpack/Custom/fuckrin.wav,0.2,1.0758541666666666
.funky,Soundpack/Custom/funky.wav,0.3,1.6901814058956917
.furei,Soundpack/Custom/fu_rei.wav,0.5,0.8687291666666667
.furry,Soundpack/Custom/I_hate_furries.mp3,0.3,0.9
.furry?,Soundpack/Custom/markfurry.wav,1.0,2.1815873015873017
.fuzzy,Soundpack/Custom/smw2_touched_fuzzy.wav,0.5,0.8292517006802721
.fyou,Soundpack/Custom/fuck_you.wav,1.0,1.1584126984126983
.gaagaa,Soundpack/Custom/gaagaa.wav,0.45,3.330604166666667
.gachigasm,Soundpack/Custom/gachigasm.mp3,0.25,4.4
.gaga,Soundpack/Custom/gaga.wav,0.2,0.7207083333333333
.gah,./Soundpack/Custom/gah.wav,1.0,0.33653061224489794
.gahdayum,./Soundpack/Custom/gah_dayum.wav,1.0,1.1607936507936507
.gamba,./Soundpack/Custom/gamba.mp3,0.3,0.6
.gameover,Soundpack/Custom/MGS1_Game_Over_Theme_HD.mp3,0.2,4.4
.gameoveryeah,Soundpack/Custom/game_over_yeah.wav,0.5,6.2180625
.gamerscore,Soundpack/Custom/gamerscore.wav,0.7,0.3767800453514739
.gangnamstyle,Soundpack/Custom/gangnam_style.mp3,1.0,5.0
.ganondorf,Soundpack/Custom/nr_name06.dsp.wav,0.4,0.8999166666666667
.gaslighter,Soundpack/Custom/gaslighter.wav,0.1,5.036791666666667
.gaslighter2,Soundpack/Custom/gaslighter2.wav,0.1,4.422645833333333
.gawd,Soundpack/Custom/gawd.wav,0.2,1.562
.gay,Soundpack/Custom/gay-echo.mp3,0.35,4.0
.genitals,Soundpack/Custom/genitals.wav,0.1,3.36578231292517
.getlow,Soundpack/Custom/getlow.mp3,0.15,0.7
.ggst1,Soundpack/Custom/NA_1304_Versus_Intro_1A.ogg,0.35,3.5
.ggst2,Soundpack/Custom/NA_1305_Versus_Intro_1B.ogg,0.35,4.5
.ggst3,Soundpack/Custom/NA_1401_Call_HeavenorHell_1.ogg,0.35,2.5
.ghost,Soundpack/Custom/ghost.mp3,0.3,4.9
.giant,Soundpack/Custom/nr_name07.dsp.wav,0.4,0.6723333333333333
.giovanna2,Soundpack/Custom/giovanna2.wav,0.3,4.448416666666667
.gl,Soundpack/Custom/Good_Luck_Starfox_64.mp3,1.0,1.0
.glegendary,./Soundpack/Custom/glegendary.wav,1.0,3.1062291666666666
.goddayum,Soundpack/Custom/jalen_god_dayum.wav,0.4,1.4117916666666666
.goh,Soundpack/Custom/nr_name26.dsp.wav,0.4,0.5184166666666666
.goku,Soundpack/Custom/hey-its-me-goku.mp3,0.2,1.9
.goodlord,Soundpack/Custom/goodlord.wav,0.5,2.1381179138321995
.goron,Soundpack/Custom/goron.wav,0.5,2.2540625
.gott,Soundpack/Custom/gott.mp3,0.15,0.3
.gottdamm,Soundpack/Custom/gottdamm.mp3,0.15,0.8
.graph,Soundpack/Custom/graph.mp3,0.1,4.2
.grav,Soundpack/Custom/grav.wav,0.5,1.3683541666666668
.great,Soundpack/Custom/great.wav,0.5,1.5914285714285714
.greatest,Soundpack/Custom/greatest.wav,1.0,1.9521315192743764
.greedgod,Soundpack/Custom/greed_god.mp3,0.2,0.4
.green,Soundpack/Custom/green_parse.mp3,0.2,2.7
.grenade,Soundpack/Custom/grenade.wav,0.1,1.0029791666666668
.griddy,Soundpack/Custom/griddy.wav,0.1,2.8113378684807255
.grievous,Soundpack/Custom/fine_addition_to_my_collection.wav,1.0,4.691791383219955
.grunt,Soundpack/Custom/grunt_birthday_party.wav,0.7,2.4243537414965988
.gundown,Soundpack/Custom/gun_down_the_furry.wav,1.0,0.8233958333333333
.gwyn1,Soundpack/Custom/gwyn1.wav,0.25,3.1198185941043084
.gwyn2,Soundpack/Custom/gwyn2.wav,0.25,4.633378684807257
.hahahaaa,Soundpack/Custom/Sample_0028.wav,0.4,1.3465
.hair,Soundpack/Custom/hair.wav,0.6,1.9684166666666667
.hamsandwich,Soundpack/Custom/ham_sandwich.wav,0.1,3.6341950113378685
.har,Soundpack/Custom/har.wav,0.2,3.9119047619047618
.hateyou,Soundpack/Custom/hate-you_CJxWsxV.mp3,0.2,2.6
.head,Soundpack/Custom/right_in_the_FUCKING_HEAD.wav,0.6,2.0669614512471655
.heh,Soundpack/Custom/heh.wav,0.3,0.8969583333333333
.hehehe,Soundpack/Custom/superstar_warrior.wav,0.2,3.4931292517006804
.hell,Soundpack/Custom/hell.wav,0.5,0.9980208333333334
.hellomario,Soundpack/Custom/hellomario.wav,0.3,1.2160997732426304
.hellomichael,Soundpack/Custom/hello_michael.wav,0.5,1.4753968253968255
.hellothere,Soundpack/Custom/hellothere.wav,0.3,0.5643958333333333
.herewego,Soundpack/Custom/here_we_go.wav,0.7,1.7373125
.heybabe,Soundpack/Custom/OH_HEY_BABE.mp3,0.1,7.8
.heynow,Soundpack/Custom/hey_now.mp3,0.15,0.8
.heypeter,Soundpack/Custom/hey_peter.wav,0.4,3.3956916099773244
.hiss,Soundpack/Custom/hiss.wav,0.4,0.8359183673469388
.hiss2,Soundpack/Custom/hiss_2.wav,0.6,2.211700680272109
.hldead,Soundpack/Custom/half_life_dead.wav,0.3,5.794829931972789
.hmno,Soundpack/Custom/hotel_mario_no.wav,1.0,0.7151700680272108
.holdit,Soundpack/Custom/Phoenix_-_Spanish_Un_Momento.wav,0.6,1.3297482278171595
.homer,Soundpack/Custom/shar_homer_disco_nap.wav,0.5,2.10140589569161
.honey,Soundpack/Custom/suisei-hi-honey_qwUSTa0.mp3,0.5,1.3
.hono,Soundpack/Custom/hohohono.wav,0.5,1.5671201814058957
.hookers,Soundpack/Custom/hookers.wav,0.3,2.2304166666666667
.hotone,Soundpack/Custom/hotone.wav,0.5,2.6694166666666668
.huey,Soundpack/Custom/huey.wav,0.4,6.739297052154195
.huhh,Soundpack/Custom/huhh.mp3,0.5,1.2
.hyena,Soundpack/Custom/hyena.mp3,0.5,1.4
.ic,Soundpack/Custom/isee.wav,1.0,2.684285714285714
.icq,Soundpack/Custom/icq-message-sound.mp3,0.4,1.3
.id,Soundpack/Custom/id.wav,0.5,0.9406041666666667
.idiot,Soundpack/Custom/idiot.wav,0.2,6.220408163265306
.ido,Soundpack/Custom/yesido.wav,1.0,1.7946031746031745
.ifigodown,Soundpack/Custom/if_i_go_down.wav,0.3,2.9522902494331067
.ignore,Soundpack/Custom/ignore.mp3,0.4,2.2
.illegal,Soundpack/Custom/illegal.wav,1.0,0.864172335600907
.imdie,Soundpack/Custom/inugami-korone-mori-calliope-thank-you-forever-2.mp3,0.5,3.0
.inception,Soundpack/Custom/inception.mp3,0.15,3.0
.informacione,Soundpack/Custom/information.wav,0.3,6.23702947845805
.interest,Soundpack/Custom/interest.wav,0.3,1.415419501133787
.intervention,Soundpack/Custom/intervention.wav,0.5,1.1253333333333333
.isabelle,Soundpack/Custom/isabelle_talking.wav,1.0,1.9652607709750567
.istanbul,Soundpack/Custom/istanbul.wav,0.4,2.885079365079365
.jH,Soundpack/Custom/may_jH.wav,0.7,1.2887074829931973
.jabroni,Soundpack/Custom/jabroni.wav,1.0,2.165736961451247
.jack,Soundpack/Custom/jack_missed_rage_of_halone.wav,0.6,1.6137868480725623
.jalaqi,Soundpack/Custom/jalaqi.mp3,0.1,3.8
.jalenjalen,Soundpack/Custom/jalenjalen.mp3,0.4,3.2
.jalenmoment,Soundpack/Custom/jalenmoment.mp3,0.1,2.8
.jam,Soundpack/Custom/James_May_says_Jam.mp3,0.3,1.4
.je,Soundpack/Custom/je.wav,0.02,1.3875510204081634
.jebait,Soundpack/Custom/mikejebait.mp3,0.7,3.0
.jeff,Soundpack/Custom/dj_jazzy_jeff.wav,0.1,0.8464375
.jermacringe,Soundpack/Custom/cringe.wav,0.7,2.4380952380952383
.jestin,Soundpack/Custom/jestin.wav,0.2,3.593083900226757
.jigglypuff,Soundpack/Custom/nr_name0d.dsp.wav,0.4,0.9059166666666667
.jo,Soundpack/Custom/jo.wav,0.02,1.393560090702948
.johns,Soundpack/Custom/reggie_johns.wav,0.5,1.9748958333333333
.js,Soundpack/Custom/jumpscare.wav,0.2,1.5520408163265307
.ju,Soundpack/Custom/ju.wav,0.02,1.3884126984126983
.jumpluff,Soundpack/Custom/jumpluff.wav,0.5,2.072416666666667
.justrun,Soundpack/Custom/just_run.wav,0.15,1.8189795918367346
.jxq,Soundpack/Custom/JXQ.wav,1.0,2.10140589569161
.katrina,Soundpack/Custom/where_was_kh2_during_katrina.wav,0.6,4.257619047619047
.keepposting,Soundpack/Custom/keep_posting.wav,0.4,3.0506802721088437
.keys,Soundpack/Custom/boo_boo_keys.wav,0.6,1.3900625
.kh2,Soundpack/Custom/kh2.wav,0.6,4.881859410430839
.kills,Soundpack/Custom/kills.wav,0.1,1.0102916666666666
.kimochi,Soundpack/Custom/kimochi.mp3,0.2,4.4
.kindasad,Soundpack/Custom/kinda_sad.wav,0.6,2.953560090702948
.kirbee,Soundpack/Custom/Kirby-eee.wav,0.15,0.772375
.kirby,Soundpack/Custom/kirby.mp3,0.4,2.0
.kirbydrown,Soundpack/Custom/Kirby-underwater.wav,0.15,1.1993541666666667
.kiryu,Soundpack/Custom/kiryu-chan-majima.mp3,0.3,1.3
.kiwi,Soundpack/Custom/kiwi.wav,0.3,0.7214791666666667
.klonoa,Soundpack/Custom/klonoa.wav,0.7,1.3448299319727892
.klonoameteor,Soundpack/Custom/v00507.wav,0.7,1.9552834467120181
.km,Soundpack/Custom/km.mp3,0.3,5.0
.knockingkiller,Soundpack/Custom/knockingkiller.wav,0.3,5.9
.kronk,Soundpack/Custom/kronk.wav,0.2,1.9971655328798186
.kys,Soundpack/Custom/kys.wav,0.2,1.0610884353741497
.lala,Soundpack/Custom/lala.wav,0.5,3.2478541666666665
.lamers,Soundpack/Custom/lamers.wav,0.4,4.063083900226758
.landed,Soundpack/Custom/landed_on_it.wav,0.6,3.2291041666666667
.lb3,Soundpack/Custom/lb3.wav,0.1,4.1
.leaf,Soundpack/Custom/leave.ogg,0.5,0.6
.learn,Soundpack/Custom/learn.ogg,0.4,1.7
.leave,Soundpack/Custom/leave.wav,0.4,3.0487074829931973
.leech,Soundpack/Custom/leech.wav,0.3,1.7950416666666666
.legend,Soundpack/Custom/i_am_a_fucking_legend.wav,0.6,1.6049206349206349
.legendary,./Soundpack/Custom/legendary.wav,1.0,2.8072291666666667
.lego,Soundpack/Custom/lego_breaking.wav,0.4,1.0385714285714285
.lens,Soundpack/Custom/OOT_LensOfTruth_On.wav,0.4,1.370875
.letthemcome,Soundpack/Custom/let_them_come.wav,0.4,1.0013605442176872
.lg,Soundpack/Custom/letsgo.wav,0.6,1.811156462585034
.lie,Soundpack/Custom/lied.wav,0.6,0.8929705215419501
.limit,Soundpack/Custom/limit-on-talking.mp3,0.5,5.7
.link,Soundpack/Custom/nr_name12.dsp.wav,0.4,0.7545
.linkstar,Soundpack/Custom/link0e.dsp.wav,0.2,2.18159375
.liquid,Soundpack/Custom/liquid.wav,0.2,2.8335147392290247
.living,Soundpack/Custom/living.mp3,0.3,1.9
.localized,Soundpack/Custom/localized.wav,0.5,8.856145124716553
.lostmachine,Soundpack/Custom/Too_bad_you_lost_your_machine.wav,0.5,3.288
.lotsaspaghetti,Soundpack/Custom/hotel_mario_lotsa_spaghetti.wav,1.0,1.85281179138322
.lovedit,Soundpack/Custom/loved_it.wav,0.6,4.9690625
.ltbk,Soundpack/Custom/ltbk.wav,0.02,1.3509750566893424
.ltg,Soundpack/Custom/LTG_speech_the_good_ending.wav,0.1,3.9
.ludicrous,Soundpack/Custom/ludicrous-speed.mp3,0.5,3.2
.luigi,Soundpack/Custom/nr_name14.dsp.wav,0.4,0.88375
.luncheon,Soundpack/Custom/luncheon.wav,0.5,2.1745578231292515
.lys,Soundpack/Custom/lys.wav,0.6,2.8875416666666665
.madden,Soundpack/Custom/john_madden.wav,0.7,0.9636281179138322
.madden!,Soundpack/Custom/john_madden_exclamation_mark.wav,0.7,1.0100680272108844
.mail,Soundpack/Custom/yougotmail.mp3,1.0,1.0
.majima,Soundpack/Custom/majima_goro.wav,0.3,2.406645833333333
.maldigani,Soundpack/Custom/maldigani.wav,0.2,2.4418125
.mama,Soundpack/Custom/smsunshine_mario_burned_1.wav,0.4,2.817622950819672
.mapawareness,Soundpack/Custom/mapawareness.wav,0.1,0.812625
.maplestory,Soundpack/Custom/maplestory_curt.wav,0.7,7.581224489795918
.marioo,Soundpack/Custom/nr_name15.dsp.wav,0.4,1.2671666666666668
.marth,Soundpack/Custom/nr_name16.dsp.wav,0.4,0.50525
.matter,Soundpack/Custom/whats_the_matter.wav,0.5,1.6956875
.may,Soundpack/Custom/may.wav,0.5,0.8260997732426304
.mays,Soundpack/Custom/billy_mays.wav,0.8,3.6142857142857143
.mch,Soundpack/Custom/mch.wav,0.2,1.89275
.mean,Soundpack/Custom/mean_that.wav,0.2,2.9292063492063494
.megabeam,Soundpack/Custom/megabeam.wav,1.0,2.88
.melee,Soundpack/Custom/nr_title01.dsp.wav,0.2,6.682666666666667
.meleeop,Soundpack/Custom/meleeOP.wav,0.1,7.615396825396825
.mental,Soundpack/Custom/mental.wav,0.15,2.5358049886621314
.mercer,Soundpack/Custom/matthewmercer.wav,0.6,0.898843537414966
.messup,Soundpack/Custom/messup.wav,0.05,2.5505215419501135
.metal,Soundpack/Custom/nr_name17.dsp.wav,0.4,0.84
.mhmm,Soundpack/Custom/mhmm.wav,0.5,0.5345124716553288
.michael2,Soundpack/Custom/michael2.wav,0.3,1.683219954648526
.mimimi,Soundpack/Custom/mimimi.wav,0.5,1.9023333333333334
.mmk,Soundpack/Custom/mmk.wav,0.4,1.0565079365079366
.mmm,Soundpack/Custom/mmm.wav,1.0,0.6600680272108843
.moan,Soundpack/Custom/moan.wav,0.5,0.8210416666666667
.monkey,Soundpack/Custom/monkey.wav,0.3,3.450748299319728
.monkeychain,Soundpack/Custom/monkey_chain.wav,0.3,1.813424036281179
.monkeyfist,Soundpack/Custom/monkey_fist.wav,0.3,1.7367120181405895
.monkeyfood,Soundpack/Custom/monkey_food.wav,0.3,1.7433560090702949
.monkeyyy,Soundpack/Custom/THE_MONKEYYYYY.wav,0.3,2.7228798185941043
.morbin,Soundpack/Custom/morbin.wav,0.6,3.4070748299319726
.morphin,Soundpack/Custom/morphin_time.mp3,0.5,1.0
.mouth,Soundpack/Custom/mouth.wav,1.0,7.788843537414966
.mrbeast,Soundpack/Custom/mrbeast.wav,0.1,2.295374149659864
.msm,Soundpack/Custom/monkeys_spinning_monkeys.wav,0.3,6.6734583333333335
.mtq,Soundpack/Custom/mtq.mp3,0.2,1.8
.myb,Soundpack/Custom/myb.wav,0.5,1.3110208333333333
.myballs,Soundpack/Custom/myballs.mp3,0.1,0.9
.myeah,Soundpack/Custom/myeah.wav,0.7,0.570952380952381
.nael1,Soundpack/Custom/sashimi.wav,0.1,1.2048072562358276
.nael2,Soundpack/Custom/ravioli.wav,0.1,2.2862358276643993
.nancy,Soundpack/Custom/nancy.wav,1.0,7.823968253968254
.need,Soundpack/Custom/need.wav,0.5,2.6359375
.needneed,Soundpack/Custom/needneed.wav,0.1,0.9313605442176871
.negative,Soundpack/Custom/negative_event.wav,0.2,2.5774149659863945
.neosaurs,Soundpack/Custom/sniper_neosaurs_clean.wav,0.6,2.220408163265306
.next,Soundpack/Custom/who_next.mp3,0.4,0.8
.nice,Soundpack/Custom/noice.wav,1.0,0.8992290249433107
.nickel,Soundpack/Custom/nickel.wav,0.15,1.4474603174603176
.nigga,Soundpack/Custom/jaleNword.mp3,0.2,0.7
.night,Soundpack/Custom/all_night.mp3,0.5,5.3
.no,Soundpack/Custom/pain2.wav,0.3,0.7846712018140589
.noh,Soundpack/Custom/noh.wav,0.5,0.303718820861678
.nointerest,Soundpack/Custom/no_interest.wav,0.3,1.704829931972789
.nom,Soundpack/Custom/nom-nom-nom_gPJiWn4.mp3,0.4,1.7
.noo,Soundpack/Custom/noo.wav,0.35,0.5863492063492064
.nooo,Soundpack/Custom/NOOOO.wav,0.6,0.5545
.nooooo,Soundpack/Custom/nooooo.wav,0.2,2.6677551020408163
.nopower,Soundpack/Custom/nopower.wav,0.2,9.38875283446712
.normal,Soundpack/Custom/normal.wav,0.7,0.9404081632653061
.notabanger,Soundpack/Custom/this_is_not_a_banger.wav,0.45,4.2512083333333335
.notbritish,Soundpack/Custom/notbritish.wav,0.5,2.330702947845805
.notpoggers,Soundpack/Custom/not_poggers.mp3,0.4,1.8
.number15,Soundpack/Custom/number_fifteen.wav,0.6,3.4227437641723357
.number2,Soundpack/Custom/number_two.wav,0.4,2.6368480725623584
.number6,Soundpack/Custom/number_six.wav,0.5,6.898117913832199
.number7,Soundpack/Custom/number_seven.wav,0.5,4.86827664399093
.nuts,Soundpack/Custom/nuts.wav,0.1,3.183854875283447
.nwah,Soundpack/Custom/scuma.wav,0.5,4.139115646258503
.nyui,Soundpack/Custom/nyui.wav,0.4,1.0106041666666667
.o,Soundpack/Custom/o_entertainment_logo.wav,0.5,2.970249433106576
.oak,Soundpack/Custom/oak6.wav,0.5,0.92
.obama,Soundpack/Custom/barack.wav,0.1,2.7555102040816326
.obese,Soundpack/Custom/obese.wav,0.7,0.9636281179138322
.objection,Soundpack/Custom/Layton_-_Objection.mp3,0.4,1.1
.oceanman,Soundpack/Custom/oceanman.mp3,0.1,5.7
.ocelot,Soundpack/Custom/spin.wav,0.2,1.0463492063492064
.office,Soundpack/Custom/fatcock.wav,1.0,1.923718820861678
.oh,Soundpack/Custom/shop_0.aw_00000027.wav,0.5,1.4651639344262295
.ohh,Soundpack/Custom/Sample_0029.wav,0.4,0.81896875
.ohhh,Soundpack/Custom/oh.wav,0.1,0.6200453514739229
.ohko,Soundpack/Custom/ohko.wav,0.5,3.479875
.ohnyo,Soundpack/Custom/gawr-gura-oh-nyo.mp3,0.5,1.5
.oho,Soundpack/Custom/simsoho.mp3,0.8,0.6
.ohsean,Soundpack/Custom/ohsean.wav,0.5,2.6821458333333332
.ohwow,Soundpack/Custom/ohwow.wav,0.5,2.9108541666666667
.oil,Soundpack/Custom/oil.wav,1.0,5.6807709750566895
.onemore,Soundpack/Custom/onemore.wav,0.2,1.851201814058957
.oo,Soundpack/Custom/oo.wav,0.02,1.3815873015873017
.oogaghgh,Soundpack/Custom/Kirby-oogaghgh.wav,0.15,0.8281041666666666
.ooh,Soundpack/Custom/ooh.mp3,0.2,1.2
.ook,Soundpack/Custom/ook_on.ogg,0.5,3.4
.oooaaa,Soundpack/Custom/oooaaa.wav,0.4,0.9022902494331065
.oops,Soundpack/Custom/Parappa_.mp3,0.3,0.3
.ootfall,Soundpack/Custom/ootfall.wav,0.4,2.892063492063492
.orc,Soundpack/Custom/orc.mp3,0.2,1.8
.over,Soundpack/Custom/nr_1p03.dsp.wav,0.3,2.093583333333333
.oxygen,Soundpack/Custom/oxygen.wav,0.2,2.5556009070294783
.pace1,Soundpack/Custom/my_insane_pace.wav,0.6,1.106439909297052
.pace2,Soundpack/Custom/look_at_the_FUCKING_pace.wav,0.6,1.5076643990929706
.papaya,Soundpack/Custom/papaya.mp3,0.1,0.8
.paradise,Soundpack/Custom/paradise.wav,0.2,6.045020833333333
.paradox,Soundpack/Custom/paradox.wav,0.6,2.0006349206349205
.parents,Soundpack/Custom/parents.ogg,1.0,2.3
.paris,Soundpack/Custom/paris.wav,0.1,3.434875
.party,Soundpack/Custom/party.mp3,0.5,3.9
.partyanimals,Soundpack/Custom/party_animals.wav,1.0,1.576875
.pass,Soundpack/Custom/pass.mp3,0.6,0.5
.passionate,./Soundpack/Custom/passionate.mp3,0.3,2.5
.pc,Soundpack/Custom/pc.wav,0.1,1.2791836734693878
.peggle,Soundpack/Custom/PEGGLE_2.wav,0.5,1.5209070294784581
.peppers,Soundpack/Custom/peppers.mp3,0.4,0.5
.petition1,Soundpack/Custom/dude_petition1a.wav,0.5,2.3926530612244896
.petition2,Soundpack/Custom/dude_petition2a.wav,0.5,1.6641269841269841
.petition3,Soundpack/Custom/dude_petition3b.wav,0.5,3.3071655328798184
.pf,Soundpack/Custom/pf.wav,0.4,2.935416666666667
.phillip,Soundpack/Custom/phillip.wav,0.15,2.087369614512472
.phoneguy,Soundpack/Custom/hellohello.wav,0.75,2.1562585034013604
.phones,Soundpack/Custom/do_you_guys_not_have_phones.wav,1.0,2.9775283446712018
.physrange,Soundpack/Custom/phys_range.wav,0.5,1.7185208333333333
.pika,Soundpack/Custom/pika.mp3,0.1,0.7
.pikmin,Soundpack/Custom/collin_from_pikmin_4_saying_pussy.wav,1.0,0.5892063492063492
.ping,Soundpack/Custom/ping.wav,0.4,3.286208333333333
.pistol,Soundpack/Custom/pistol.wav,0.1,0.812625
.pizzaday,Soundpack/Custom/pizza_day.wav,0.5,6.966333333333333
.pl,Soundpack/Custom/pl.wav,0.5,0.9384375
.planet,Soundpack/Custom/planet.wav,0.5,1.6672916666666666
.playagain,Soundpack/Custom/playagain.wav,0.05,4.937732426303855
.playasluigi,Soundpack/Custom/super_luigi_galaxy.wav,0.65,3.6434920634920633
.pls,Soundpack/Custom/pls.wav,0.3,1.9811458333333334
.podracing,Soundpack/Custom/now-this-is-pod-racing.mp3,0.5,2.2
.poggers2,Soundpack/Custom/POGGERS_1.mp3,0.35,1.2
.pokemon,Soundpack/Custom/Pal_Captured.mp3,0.6,2.2
.pooped,Soundpack/Custom/pooped.wav,0.7,3.6261666666666668
.popflashes,Soundpack/Custom/popflashes.wav,0.1,1.0249166666666667
.pornelius,Soundpack/Custom/pluto_begging.wav,0.6,1.9039455782312926
.positioning,Soundpack/Custom/positioning.wav,0.1,0.9444166666666667
.potemkin,Soundpack/Custom/potemkin-buster_rO5W6ay.mp3,0.4,2.3
.powerfuck,Soundpack/Custom/powerfuck.wav,1.0,3.7570521541950113
.poyo,Soundpack/Custom/poyo.mp3,0.4,0.6
.pranked,Soundpack/Custom/pranked.wav,1.0,0.9733125
.pratt,Soundpack/Custom/chris_pratt.wav,0.6,2.083106575963719
.puffer,Soundpack/Custom/pufferfish.mp3,0.25,0.5
.pull,Soundpack/Custom/pull.wav,1.0,1.6428571428571428
.punch,Soundpack/Custom/punch.wav,0.5,0.29657596371882083
.purin,Soundpack/Custom/nr_name0e.dsp.wav,0.4,0.80675
.purpose,Soundpack/Custom/purpose.wav,0.2,1.8382312925170068
.python,Soundpack/Custom/python.wav,1.0,3.197625
.quilt,Soundpack/Custom/hes_a_quilt.wav,0.6,1.9303628117913831
.quit,Soundpack/Custom/quit.wav,0.6,4.435011337868481
.r2d2,Soundpack/Custom/r2-d2-scream.mp3,1.0,2.4
.raider,Soundpack/Custom/tusken-raider-cry.mp3,0.4,3.4
.ram,Soundpack/Custom/ram.wav,0.5,2.2708958333333333
.ramsay,Soundpack/Custom/kitchen_nightmares_sound.wav,0.2,3.567687074829932
.raptors,Soundpack/Custom/raptors_clean.wav,0.6,1.703764172335601
.rats,Soundpack/Custom/FILTHY_RATS.wav,0.4,1.6088888888888888
.rattle,Soundpack/Custom/VO_SCH_621_Male_Undead_Play_01.wav,0.2,5.333875
.rc,Soundpack/Custom/Windows_Hardware_Insert.wav,1.0,1.6779138321995466
.rdy,Soundpack/Custom/rdy.wav,0.02,1.0701360544217686
.ready,Soundpack/Custom/nr_name2c.dsp.wav,0.4,0.8125833333333333
.realscream,Soundpack/Custom/real_scream.wav,0.3,0.908625
.record,Soundpack/Custom/nr_1p00.dsp.wav,0.4,2.7384166666666667
.rejected,Soundpack/Custom/NA_1703_Result_Rejected.ogg,0.35,1.5
.remindme,Soundpack/Custom/hotel_mario_remind_me.wav,0.8,1.9426303854875284
.req,Soundpack/Custom/req.wav,0.5,1.5103125
.retake,Soundpack/Custom/retake.wav,0.1,1.4641875
.richard,Soundpack/Custom/richard.wav,0.5,0.935124716553288
.richard2,Soundpack/Custom/richard2.wav,0.5,1.007845804988662
.right,Soundpack/Custom/right.wav,0.35,1.4316458333333333
.righthappy,Soundpack/Custom/righthappy.wav,1.0,1.7308616780045352
.rip,Soundpack/Custom/rip.wav,1.0,4.224444444444444
.rizz,./Soundpack/Custom/rizz.mp3,0.3,1.9
.roast,Soundpack/Custom/roast.wav,0.5,1.275578231292517
.rotmg,Soundpack/Custom/rotmg.mp3,0.5,4.9
.rpr,Soundpack/Custom/rpr.wav,0.5,3.3415833333333333
.rutzou,Soundpack/Custom/rutzou.wav,0.6,3.294965986394558
.s,Soundpack/Custom/silence.mp3,0.0,0.2
.samurai,Soundpack/Custom/samurai.mp3,0.3,3.4
.sand,Soundpack/Custom/i-dont-like-sand_1qxxPuD.mp3,0.3,7.7
.sandstorm,Soundpack/Custom/sandstorm.wav,0.4,3.3137916666666665
.sandwich,Soundpack/Custom/jxq_sandwich.wav,1.0,7.291065759637188
.sans,Soundpack/Custom/san.mp3,1.0,0.1
.saxophone,Soundpack/Custom/saxophone.mp3,0.15,1.6
.sayit,Soundpack/Custom/please_say_it.wav,0.15,4.1866666666666665
.sayword?,Soundpack/Custom/say_word.wav,0.2,1.0
.sbfail,Soundpack/Custom/sbfail.wav,1.0,3.1996371882086168
.scatman,Soundpack/Custom/scatman.mp3,0.7,7.7
.schemingweasel,Soundpack/Custom/scheming_weasel.wav,0.3,5.712539682539682
.scout,Soundpack/Custom/scout_specialcompleted03.mp3,0.3,0.4
.scream,Soundpack/Custom/somebody_scream.wav,0.2,3.8232879818594103
.screenshot,Soundpack/Custom/screenshot.wav,0.5,3.141125
.seed,Soundpack/Custom/seed.wav,0.7,3.143875
.seething,Soundpack/Custom/seething.wav,0.5,3.6386458333333334
.seeyou,Soundpack/Custom/oak14.wav,1.0,0.64
.seinfeld,Soundpack/Custom/seinfeld.mp3,0.3,4.4
.seymour,Soundpack/Custom/seymour.wav,0.5,2.089501133786848
.shazbot,Soundpack/Custom/shazbot.mp3,1.0,0.7
.sheesh,Soundpack/Custom/sheesh.wav,0.3,1.0
.sheik,Soundpack/Custom/nr_name20.dsp.wav,0.4,0.6564166666666666
.shid,Soundpack/Custom/shid.wav,0.2,1.2089583333333334
.shidded,Soundpack/Custom/shidded_and_farded.wav,1.0,3.6209583333333333
.shieldup,Soundpack/Custom/shield.wav,0.2,3.4192743764172335
.shine,Soundpack/Custom/shine.wav,0.3,0.2516875
.shit,Soundpack/Custom/shit.wav,0.1,2.273764172335601
.showme,Soundpack/Custom/showme.wav,1.0,0.7774149659863946
.sickness,Soundpack/Custom/SICKNESS_MUST_BE_PURGED.wav,0.4,2.326439909297052
.sid,Soundpack/Custom/3499.wav,0.3,3.4313832199546486
.sidney,Soundpack/Custom/sidney.wav,0.1,0.4776458333333333
.simp,Soundpack/Custom/simp.wav,0.35,1.681904761904762
.sims,Soundpack/Custom/sul-sul.mp3,0.5,1.2
.skeet,Soundpack/Custom/skeet.mp3,0.15,1.5
.skill,Soundpack/Custom/biden-skill-issue.mp3,0.5,0.7
.skype,Soundpack/Custom/skype.wav,0.35,3.825578231292517
.slash,Soundpack/Custom/BANK_0F_INSTR_0008_SND_0000.wav,0.5,0.5688888888888889
.sm,Soundpack/Custom/SIMP.wav,0.6,1.681904761904762
.smallthings,Soundpack/Custom/smallthings.wav,0.15,1.5843083900226758
.smash4,Soundpack/Custom/smash_4.wav,0.1,6.743015873015873
.smashthat,Soundpack/Custom/all01_h03_sd.wav,0.5,1.4933333333333334
.smell,Soundpack/Custom/mr_krabs_-_do_ya_smell_it.wav,1.0,1.032108843537415
.smesh,Soundpack/Custom/smash.mp3,0.5,0.6
.smokes,Soundpack/Custom/smokes.wav,0.1,0.7979791666666667
.smosh,Soundpack/Custom/nr_title03.dsp.wav,0.4,5.65025
.sneakysnitch,Soundpack/Custom/sneaky_snitch.wav,0.3,11.029208333333333
.sneakysnitch2,Soundpack/Custom/sneaky_snitch_2.wav,0.3,11.0398125
.sneeze,Soundpack/Custom/sneeze.wav,0.3,0.9501041666666666
.sniped,Soundpack/Custom/sniped.wav,0.03,1.987625
.soka,./Soundpack/Custom/okay.mp3,1.0,0.4
.solong,Soundpack/Custom/sm64_mario_so_long_bowser.wav,1.0,1.498
.sorry,Soundpack/Custom/sorry.wav,1.0,1.2614512471655328
.source2,Soundpack/Custom/source.wav,0.6,3.758979591836735
.spaghetti,Soundpack/Custom/hotel_mario_spaghetti.wav,1.0,0.7384580498866213
.spiderman,Soundpack/Custom/spiderman.wav,0.3,0.5129478458049886
.spiffy,Soundpack/Custom/spiffy.wav,0.2,1.8154421768707483
.splash,Soundpack/Custom/splash.wav,0.5,2.5969375
.spraycontrol,Soundpack/Custom/spraycontrol.wav,0.1,0.710125
.stab,Soundpack/Custom/stab.wav,0.2,2.464965986394558
.stadium2,Soundpack/Custom/stadium_2.wav,0.1,7.045041666666667
.steam,Soundpack/Custom/message_2.mp3,0.5,0.8
.steph,Soundpack/Custom/steph.mp3,0.5,1.8
.stop,Soundpack/Custom/pain3.wav,0.3,0.6113378684807256
.stopposting,Soundpack/Custom/stop_posting.wav,0.1,3.1468027210884353
.story,Soundpack/Custom/yakuza-0-ost-substory.mp3,0.15,3.3
.storyend,Soundpack/Custom/storyend.mp3,0.15,2.4
.streamer,Soundpack/Custom/streamer.wav,0.5,1.2576041666666666
.streets112,Soundpack/Custom/1_12.wav,0.6,2.7721315192743763
.stretching,Soundpack/Custom/stretching.wav,0.5,3.0006349206349205
.strike,Soundpack/Custom/strike.wav,0.2,1.3805
.stroke,Soundpack/Custom/stroke.mp3,0.5,1.1
.stuffy,Soundpack/Custom/stuffy.wav,0.2,3.304671201814059
.stupid,Soundpack/Custom/whatkindofstoopdareya.mp3,0.6,1.3
.success,Soundpack/Custom/nr_name2d.dsp.wav,0.4,0.854
.suction,Soundpack/Custom/suction_lXUaIEQ.mp3,0.8,0.9
.support,Soundpack/Custom/support.wav,0.1,3.2871041666666665
.surely,Soundpack/Custom/surely.wav,0.4,0.8645804988662131
.surprise,Soundpack/Custom/surprise.mp3,0.2,5.1
.sus,Soundpack/Custom/when_the_imposter_is_sus.mp3,0.3,8.2
.swap,Soundpack/Custom/swap.wav,0.3,0.7607083333333333
.sweaty,Soundpack/Custom/sweaty.wav,0.7,2.8595691609977325
.sweep,Soundpack/Custom/sweep.wav,0.05,1.9751020408163265
.sweepin,Soundpack/Custom/sweepin.wav,0.05,3.001519274376417
.sworn,Soundpack/Custom/fortnite_sworn.wav,0.5,3.451065759637188
.take,Soundpack/Custom/mine.wav,0.2,6.235827664399093
.tankbusted,Soundpack/Custom/jalen_getting_his_balls_tankbusted.wav,0.4,4.992290249433107
.tarzan,Soundpack/Custom/tarzan.wav,0.5,1.8660833333333333
.taser,./Soundpack/Custom/taser.mp3,0.5,0.8
.tbn,Soundpack/Custom/tbn.wav,0.5,2.3362083333333334
.tea,Soundpack/Custom/yo_its_tea.wav,0.6,3.171700680272109
.terrible,Soundpack/Custom/terrible.wav,0.5,1.0943990929705216
.texts,Soundpack/Custom/THE_SACRED_JEDI_TEXTS.wav,1.0,2.2058956916099772
.thanks,Soundpack/Custom/shop_0.aw_00000026.wav,0.5,1.4170081967213115
.thdead,Soundpack/Custom/pldead00.wav,0.1,0.9229931972789116
.thechemicals,Soundpack/Custom/the_chemicals.wav,0.2,1.2388208616780045
.theregoes,Soundpack/Custom/there_goes_the_battle.wav,0.5,3.4465
.thighs,Soundpack/Custom/chicken_thighs.wav,0.6,5.257895833333333
.this,Soundpack/Custom/this.wav,0.4,2.5620625
.thwomp,Soundpack/Custom/Thwomp_Sound.wav,0.6,0.7812471655328799
.tickle1,Soundpack/Custom/tickle1.wav,0.3,2.1563265306122448
.tickle2,Soundpack/Custom/tickle2.wav,0.3,1.9842630385487527
.tickle3,Soundpack/Custom/tickle3.wav,0.3,1.933015873015873
.titan1,Soundpack/Custom/bow_down_overdweller_1.wav,0.1,3.5060625
.titan2,Soundpack/Custom/bow_down_overdweller_2.wav,0.1,3.5675625
.titan3,Soundpack/Custom/bow_down_overdweller_3.wav,0.1,3.5675625
.titan4,Soundpack/Custom/bow_down_overdweller_4.wav,0.1,3.5675625
.toaster1,Soundpack/Custom/toaster1.wav,0.3,3.6738333333333335
.toaster2,Soundpack/Custom/toaster2.wav,0.3,3.448875
.toasty,Soundpack/Custom/toasty.mp3,0.7,1.2
.todd,Soundpack/Custom/itjustworks.mp3,0.65,2.1
.tomorrow,Soundpack/Custom/ina-tomorrow.mp3,1.0,1.3
.toofar,Soundpack/Custom/george_lucas_after_watching_the_first_cut_of_star_wars_episode_1_the_phantom_menace.wav,0.4,2.0926984126984127
.tool,Soundpack/Custom/tool_refill.wav,1.0,2.4672562358276644
.toontown,Soundpack/Custom/toontown-cat-long.mp3,0.4,1.7
.toothpicks,Soundpack/Custom/toothpicks.wav,0.1,1.70875
.top,Soundpack/Custom/top.mp3,0.2,1.1
.totsugeki,Soundpack/Custom/totsugeki_but_good.wav,0.2,1.9254166666666668
.toxic,Soundpack/Custom/toxic.wav,0.5,1.9227083333333332
.training,Soundpack/Custom/NA_0110_Menu_Traning.ogg,0.35,1.5
.tralala,Soundpack/Custom/my_tralalala.wav,0.2,3.1579138321995464
.tray,Soundpack/Custom/tray.wav,0.25,2.589024943310658
.treat,Soundpack/Custom/now.wav,0.2,1.7336281179138322
.trippin,Soundpack/Custom/trippin.wav,0.3,1.0617291666666666
.trophy,Soundpack/Custom/trophy.wav,0.3,1.1902040816326531
.truecare,Soundpack/Custom/truecare.wav,0.15,1.860453514739229
.truthbrings,Soundpack/Custom/truthbrings.wav,0.15,1.4082766439909298
.tub,Soundpack/Custom/tub.wav,0.3,2.59687074829932
.tumor,Soundpack/Custom/tumor.wav,0.5,1.822766439909297
.turkey,Soundpack/Custom/turkey.wav,0.5,0.8857291666666667
.turtle,Soundpack/Custom/turtle-mating.mp3,0.5,1.0
.tyler1,Soundpack/Custom/tyler1.wav,0.5,2.8604308390022677
.tyoh,Soundpack/Custom/tyoh.wav,0.5,0.7957708333333333
.ua,Soundpack/Custom/ua.wav,0.02,0.3458049886621315
.ukiki,Soundpack/Custom/Sample_0088.wav,0.4,0.92328125
.ultimate,Soundpack/Custom/lifelight.wav,0.1,5.740294784580499
.umad,Soundpack/Custom/u_mad.wav,1.0,1.5357291666666666
.undertale,Soundpack/Custom/undertale_game_over.wav,0.15,8.729274376417234
.up,Soundpack/Custom/and_then_bwaaaagh.wav,0.7,3.3475208333333333
.uwa,Soundpack/Custom/fox0d.dsp.wav,0.2,2.6075
.vader,Soundpack/Custom/noooooooooo.mp3,0.5,6.8
.velvet,Soundpack/Custom/feel_like_velvet_turtle.wav,0.6,2.021655328798186
.versus,Soundpack/Custom/nr_1p0a.dsp.wav,0.4,0.9975
.vibecheck,Soundpack/Custom/vibe_check.wav,0.15,5.54328798185941
.viper,Soundpack/Custom/viper.wav,0.25,5.411496598639456
.volgin,Soundpack/Custom/volgin.wav,0.2,4.600291666666666
.vs,Soundpack/Custom/versus.wav,1.0,0.6423541666666667
.walk,Soundpack/Custom/can_i_walk_over_this.wav,0.7,2.043625
.wall,Soundpack/Custom/wall.mp3,0.15,1.1
.walter,Soundpack/Custom/walter.wav,0.1,2.3715192743764173
.wanyaumani,Soundpack/Custom/wanyaumani.wav,1.0,0.8609977324263038
.wanyawanirupu,Soundpack/Custom/wanyawanirupu.wav,1.0,0.9961904761904762
.wariodies,Soundpack/Custom/mk64_wario05.wav,0.6,2.0104375
.warp,Soundpack/Custom/sm64_warp.wav,0.7,1.0376875
.watchout,Soundpack/Custom/watchout.wav,0.2,3.4037641723356007
.weapon,Soundpack/Custom/wefill.wav,0.6,0.9262083333333333
.weezing,Soundpack/Custom/BANK_0E_INSTR_0009_SND_0000.wav,0.5,1.2451700680272109
.what??,Soundpack/Custom/WHATT.ogg,0.4,1.9
.wheel,Soundpack/Custom/steering_wheel.mp3,0.15,1.4
.wheesnaw,Soundpack/Custom/wheesnaw.wav,0.5,1.0742630385487528
.where,Soundpack/Custom/wheres_the_bomb.wav,0.3,2.0420861678004534
.white,Soundpack/Custom/michael_is_white.wav,0.7,0.6326458333333334
.whoah,Soundpack/Custom/WHOAH.wav,0.5,1.623625
.whoaoh,Soundpack/Custom/woah-oh-oh-ah-ah-ah-aaaa-ha-ah-ah-ah.wav,0.15,7.271791383219955
.whomp,Soundpack/Custom/Whomp_Sound.wav,0.6,0.9427891156462586
.whoo,Soundpack/Custom/whoo.wav,0.6,0.8552916666666667
.wiard,Soundpack/Custom/shadow-wizard-money-gang-we-love-casting-spells_3h95aGA.mp3,0.2,3.5
.wilhelm,Soundpack/Custom/wilhelm.mp3,0.3,1.0
.win95,Soundpack/Custom/win95.wav,0.25,5.7549375
.window,Soundpack/Custom/window.mp3,0.1,2.5
.wires,Soundpack/Custom/wires.wav,0.4,1.3361451247165532
.woah,Soundpack/Custom/Sample_0032.wav,0.4,0.65015625
.wololo,Soundpack/Custom/sound-9.mp3,0.3,1.5
.won,Soundpack/Custom/who_won.mp3,0.4,0.9
.wonderful,Soundpack/Custom/wonderful.wav,0.5,2.478253968253968
.woo,Soundpack/Custom/woo_htcxajK.mp3,0.3,0.5
.wood,Soundpack/Custom/wood.wav,0.5,0.5666213151927437
.world,Soundpack/Custom/scatmans_world.wav,0.15,3.2661451247165534
.worldstar,Soundpack/Custom/world_star.wav,1.0,1.7701666666666667
.worthless,Soundpack/Custom/worthless.wav,0.2,1.5841950113378684
.wrongdoor,Soundpack/Custom/wrong_door.wav,1.0,3.97891156462585
.wtfaq,Soundpack/Custom/inugami-korone-what-the-faq.mp3,0.75,1.4
.wut,Soundpack/Custom/wut.wav,0.5,0.7867291666666667
.yabe,Soundpack/Custom/shirakami-fubuki-yabe.mp3,0.5,1.1
.yeehaw,Soundpack/Custom/yeehaw.wav,0.5,1.5351041666666667
.yess,Soundpack/Custom/yess.wav,0.5,0.5102267573696145
.yiff,Soundpack/Custom/yiff.wav,0.6,1.6664166666666667
.yippee,Soundpack/Custom/yippee.wav,0.4,2.0500226757369613
.yoda,Soundpack/Custom/Lego_yoda_death_sound.mp3,0.6,1.8
.yoink,Soundpack/Custom/yoink.wav,1.0,4.125541666666667
.yoo,Soundpack/Custom/Japanese_Yoooo_Sound.mp3,0.5,2.2
.yoshi,Soundpack/Custom/yoshi.mp3,0.5,0.2
.youagain,./Soundpack/Custom/youagain.wav,1.0,2.944
.youdied,Soundpack/Custom/dark-souls-_you-died_-sound-effect-from-youtube.mp3,0.4,7.6
.yougood,Soundpack/Custom/damn_you_good.wav,1.0,6.400145833333333
.youthink,Soundpack/Custom/ytydbyd.wav,0.4,1.8508163265306123
.youwhat,Soundpack/Custom/you-what.mp3,0.7,1.4
.yuno,Soundpack/Custom/Sample_0023.wav,0.4,0.42803125
.zinger,Soundpack/Custom/fat.wav,0.3,3.453125
