.taco,Soundpack\Memes\tacobell.mp3,0.15000000596046448,1.7000000476837158
.bell,Soundpack\Memes\tacobell.mp3,0.15000000596046448,1.7000000476837158
.tbell,Soundpack\Memes\tacobell.mp3,0.15000000596046448,1.7000000476837158
.bruh,Soundpack\Memes\bruh.mp3,0.44999998807907104,0.5
.vine,Soundpack\Memes\vine.mp3,0.20000000298023224,1.2999999523162842
.bonk,Soundpack\Memes\bonk.mp3,0.5,0.6000000238418579
.scooby,Soundpack\Memes\scooby.mp3,0.4000000059604645,1.399999976158142
.areyousure,Soundpack\Memes\are-you-sure-about-that.mp3,0.20000000298023224,2
.oof,Soundpack\Memes\roblox-death-sound.mp3,0.800000011920929,1
.nutbutton,Soundpack\Memes\nut.mp3,0.800000011920929,0.4000000059604645
.wrong,Soundpack\Memes\the-price-is-wrong.mp3,0.25,5.099999904632568
.failed,Soundpack\Memes\mission failed.mp3,0.10000000149011612,2.200000047683716
.psx,Soundpack\Memes\ps1.mp3,0.11999999731779099,18.200000762939453
.shutdown,Soundpack\Memes\shutdown.mp3,0.15000000596046448,3.200000047683716
.laugh,Soundpack\Memes\sitcom laugh.mp3,0.25,7.300000190734863
.fart,Soundpack\Memes\fart.mp3,0.15000000596046448,0.30000001192092896
.later,Soundpack\Memes\2000 years later.mp3,0.5,3.5
.diesofcringe,Soundpack\Memes\android-sound-effect-meme.mp3,0.5,1.600000023841858
.doc,Soundpack\Memes\android-sound-effect-meme.mp3,0.5,1.600000023841858
.cringing,Soundpack\Memes\android-sound-effect-meme.mp3,0.5,1.600000023841858
.clap,Soundpack\Memes\applause-4.mp3,0.30000001192092896,7.099999904632568
.applause,Soundpack\Memes\applause-4.mp3,0.30000001192092896,7.099999904632568
.boo,Soundpack\Memes\boo you suck.mp3,0.44999998807907104,2.5
.yousuck,Soundpack\Memes\boo you suck.mp3,0.44999998807907104,2.5
.flashbang,Soundpack\Memes\flashbang.mp3,0.30000001192092896,3.9000000953674316
.love,Soundpack\Memes\I love you.mp3,0.15000000596046448,0.8999999761581421
.kek,Soundpack\Memes\kekw.mp3,0.30000001192092896,4.900000095367432
.kekw,Soundpack\Memes\kekw.mp3,0.30000001192092896,4.900000095367432
.meow,Soundpack\Memes\meow.mp3,0.699999988079071,1.2000000476837158
.cat,Soundpack\Memes\meow.mp3,0.699999988079071,1.2000000476837158
.kitty,Soundpack\Memes\meow.mp3,0.699999988079071,1.2000000476837158
.passed,Soundpack\Memes\mission passed.mp3,0.44999998807907104,7.5
.nya,Soundpack\Memes\nya.mp3,0.15000000596046448,0.800000011920929
.enemy,Soundpack\Memes\oh the misery.mp3,0.07000000029802322,1.600000023841858
.misery,Soundpack\Memes\oh the misery.mp3,0.07000000029802322,1.600000023841858
.ohno,Soundpack\Memes\oh_no.mp3,0.4000000059604645,0.699999988079071
.pizza,Soundpack\Memes\pizza.mp3,1,1.7999999523162842
.rei,Soundpack\Memes\rei.mp3,1,3.5
.patrick,Soundpack\Memes\rei.mp3,1,3.5
.trombone,Soundpack\Memes\sadtrombone.mp3,0.15000000596046448,3.5999999046325684
.villager1,Soundpack\Memes\villager1.mp3,0.5,0.5
.hmm,Soundpack\Memes\villager1.mp3,0.5,0.5
.villager2,Soundpack\Memes\villager2.mp3,0.5,1
.huh,Soundpack\Memes\villager2.mp3,0.5,1
.wasted,Soundpack\Memes\wasted.mp3,0.30000001192092896,2.200000047683716
.running,Soundpack\Memes\why_are_you_running.mp3,0.25,0.800000011920929
.whyareyourunning,Soundpack\Memes\why_are_you_running.mp3,0.25,0.800000011920929
.wow,Soundpack\Memes\wow.mp3,1,1.2999999523162842
.yeahboy,Soundpack\Memes\yeahboy.mp3,1,2.0999999046325684
.zero,Soundpack\Memes\zero.mp3,0.6000000238418579,1.7999999523162842
.dog,Soundpack\Memes\zero.mp3,0.6000000238418579,1.7999999523162842
.bark,Soundpack\Memes\zero.mp3,0.6000000238418579,1.7999999523162842
.milkshake,Soundpack\Memes\jalen having a milkshake.mp3,0.20000000298023224,1.5
.shake,Soundpack\Memes\jalen having a milkshake.mp3,0.20000000298023224,1.5
.me,Soundpack\Memes\Me and Michael.mp3,0.11999999731779099,4.199999809265137
.alert,Soundpack\Memes\alert.mp3,0.5,1.5
.waow,Soundpack\Memes\anime-wow-sound-effect.mp3,0.5,4.199999809265137
.aurora,Soundpack\Memes\aurora borealis.mp3,1,1
.bacon,Soundpack\Memes\bacon.wav,0.25,3.0239999294281006
.badum,Soundpack\Memes\badum.mp3,1,3.200000047683716
.bomb,Soundpack\Memes\bomb.mp3,0.800000011920929,1.600000023841858
.boowomp,Soundpack\Memes\boowomp.mp3,0.4000000059604645,1.399999976158142
.boring,Soundpack\Memes\boring.mp3,0.3499999940395355,1
.char,Soundpack\Memes\char.mp3,0.07000000029802322,3.700000047683716
.circus,Soundpack\Memes\circus.mp3,0.3499999940395355,6.199999809265137
.crickets,Soundpack\Memes\cricket.mp3,1,1.899999976158142
.dialup,Soundpack\Memes\dial up.mp3,0.800000011920929,6.099999904632568
.discord,Soundpack\Memes\discord-notification.mp3,0.25,0.5
.doit,Soundpack\Memes\do it.mp3,1,1.100000023841858
.doh,Soundpack\Memes\doh.mp3,0.5,0.800000011920929
.slurpee,Soundpack\Memes\drinking my slurpee.mp3,0.3499999940395355,3
.getin,Soundpack\Memes\everyone-get-in-here_1.mp3,0.3499999940395355,3.299999952316284
.fists,Soundpack\Memes\fists.wav,0.25,3.7520833015441895
.foodcheck,Soundpack\Memes\foodcheck.mp3,0.800000011920929,1.7999999523162842
.gong,Soundpack\Memes\gong.mp3,0.3499999940395355,4.199999809265137
.grats,Soundpack\Memes\grats.mp3,0.4000000059604645,1.7999999523162842
.halo,Soundpack\Memes\Halo.mp3,0.4000000059604645,8.100000381469727
.holy,Soundpack\Memes\holy.mp3,1,8.199999809265137
.cando,Soundpack\Memes\icandothat.mp3,0.3499999940395355,0.699999988079071
.done,Soundpack\Memes\jobs done.mp3,0.699999988079071,0.699999988079071
.law,Soundpack\Memes\law.mp3,0.25,2.0999999046325684
.loktar,Soundpack\Memes\lok'tar ogar.mp3,0.30000001192092896,2.700000047683716
.source,Soundpack\Memes\made it the fuck up.mp3,0.5,2.5999999046325684
.chief,Soundpack\Memes\master chief what are you doing on july 11th.mp3,0.3499999940395355,3.5999999046325684
.more,Soundpack\Memes\more-work.mp3,0.5,1.2999999523162842
.murloc,Soundpack\Memes\murloc.wav,0.30000001192092896,1.7944166660308838
.nano,Soundpack\Memes\nanomachine-son.mp3,0.3499999940395355,1.600000023841858
.okay,Soundpack\Memes\okay.mp3,0.4000000059604645,1.899999976158142
.onichan,Soundpack\Memes\onichan.mp3,0.20000000298023224,1.100000023841858
.smoke,Soundpack\Memes\order.mp3,0.4000000059604645,15.899999618530273
.ps2,Soundpack\Memes\ps2.mp3,0.30000001192092896,8.699999809265137
.roger,Soundpack\Memes\roger.mp3,0.6000000238418579,0.8999999761581421
.sloppy,Soundpack\Memes\sloppy.mp3,0.3499999940395355,1.600000023841858
.snake,Soundpack\Memes\snake death sound.mp3,0.5,5
.soulja,Soundpack\Memes\Soulja Boy Gets Let Down.mp3,0.5,6.699999809265137
.hams,Soundpack\Memes\steamed hams.mp3,1,1.100000023841858
.kripp,Soundpack\Memes\Super Kripparian 64.mp3,0.10000000149011612,3.5
.thx,Soundpack\Memes\thx.mp3,0.20000000298023224,12.399999618530273
.toy,Soundpack\Memes\toy.mp3,0.5,0.8999999761581421
.squeak,Soundpack\Memes\toy.mp3,0.5,0.8999999761581421
.tutturuu,Soundpack\Memes\tutturuu.mp3,0.75,1.399999976158142
.uav,Soundpack\Memes\uav-online.mp3,0.30000001192092896,1.399999976158142
.ugh,Soundpack\Memes\ugh.mp3,0.5,1
.tim,Soundpack\Memes\ugh.mp3,0.5,1
.wombo,Soundpack\Memes\wombo.mp3,0.15000000596046448,2
.work,Soundpack\Memes\work work.mp3,0.699999988079071,1.7000000476837158
.wot,Soundpack\Memes\wot.mp3,0.6000000238418579,1.600000023841858
.xfiles,Soundpack\Memes\xfiles.mp3,0.30000001192092896,2
.yabba,Soundpack\Memes\yabba.mp3,0.20000000298023224,3
.fred,Soundpack\Memes\yabba.mp3,0.20000000298023224,3
.flintstones,Soundpack\Memes\yabba.mp3,0.20000000298023224,3
.shaxx,Soundpack\Memes\yes.mp3,0.800000011920929,2.299999952316284
.crank,Soundpack\Memes\you.mp3,1,0.800000011920929
.what,Soundpack\Memes\what.mp3,0.6000000238418579,0.8999999761581421
.betrayal,Soundpack\Memes\betrayal.mp3,0.20000000298023224,1.2999999523162842
.lust,Soundpack\Memes\lust.mp3,0.4000000059604645,2.700000047683716
.beer,Soundpack\Memes\BEER.mp3,0.30000001192092896,1.2000000476837158
.peter,Soundpack\Memes\peter laugh.mp3,0.2199999988079071,1.2999999523162842
.fartverb,Soundpack\Memes\fartverb.mp3,0.5,3.200000047683716
.america,Soundpack\Memes\america.mp3,0.6000000238418579,3
.trapcard,Soundpack\Memes\trapcard.mp3,1,2.200000047683716
.greed,Soundpack\Memes\greed.mp3,0.4000000059604645,6.5
.jason,Soundpack\Memes\jason.mp3,0.5,1.2000000476837158
.sean,Soundpack\Memes\shawn.mp3,0.800000011920929,0.800000011920929
.courage,Soundpack\Memes\courage-speak.mp3,0.6000000238418579,4.300000190734863
.johnny,Soundpack\Memes\Do the monkey.mp3,0.4000000059604645,1
.piss,Soundpack\Memes\piss.mp3,1,3.9000000953674316
.tetris,Soundpack\Memes\tetris.mp3,1,0.8999999761581421
.neck,Soundpack\Memes\neck and neck.mp3,1,0.6000000238418579
.darkness,Soundpack\Memes\darkness.mp3,1,3.799999952316284
.shot,Soundpack\Memes\nice shot.mp3,0.699999988079071,1
.cock,Soundpack\Memes\Nice cock.mp3,0.550000011920929,1.5
.ss2,Soundpack\Memes\sea-shanty-2.mp3,0.5,2.4000000953674316
.seashanty2,Soundpack\Memes\sea-shanty-2.mp3,0.5,2.4000000953674316
.hit,Soundpack\Memes\rs hit.mp3,0.6000000238418579,0.20000000298023224
.anduin,Soundpack\Memes\anduin wow.mp3,0.44999998807907104,0.800000011920929
.oven,Soundpack\Memes\Why Do They Call It Oven .mp3,0.75,7.300000190734863
.now,Soundpack/Custom/ltgnow.wav,0.20000000298023224,1.201224446296692
.frieza,Soundpack\Memes\hello monkeys.mp3,0.699999988079071,1.2999999523162842
.monkeys,Soundpack\Memes\hello monkeys.mp3,0.699999988079071,1.2999999523162842
.ui,Soundpack\Memes\ui.mp3,0.75,0.6000000238418579
.damp,Soundpack\Memes\damp.mp3,0.5,2.5
.pimp,Soundpack\Memes\my bad pimp.mp3,0.75,1.100000023841858
.mybad,Soundpack\Memes\my bad pimp.mp3,0.75,1.100000023841858
.bird,Soundpack\Memes\birb-up.mp3,0.5,3.4000000953674316
.bwah,Soundpack\Memes\bwah.mp3,0.800000011920929,1.5
.coda,Soundpack\Memes\damaged_coda.mp3,0.30000001192092896,6.800000190734863
.bobby,Soundpack\Memes\dang-it-bobby.mp3,1,1.2999999523162842
.daytona,Soundpack\Memes\daytona.mp3,0.30000001192092896,4
.doot,Soundpack\Memes\doot daytona.mp3,0.6000000238418579,0.20000000298023224
.dootdoot,Soundpack\Memes\dootdoot daytona.mp3,0.4000000059604645,4
.giggity,Soundpack\Memes\giggity.mp3,0.6499999761581421,1.7999999523162842
.giddy,Soundpack\Memes\I'm feeling giddy.wav,0.4000000059604645,1.2634013891220093
.win,Soundpack\Memes\I'm going to win.wav,0.4000000059604645,1.638458013534546
.charge,Soundpack\Memes\I'm in charge now.mp3,0.4000000059604645,2
.sad,Soundpack\Memes\I'm very sad.mp3,0.4000000059604645,1.2999999523162842
.kaboom,Soundpack\Memes\kaboom.wav,0.30000001192092896,1.686475396156311
.sploosh,Soundpack\Memes\sploosh.wav,0.4000000059604645,1.3657786846160889
.kevin,Soundpack\Memes\kevin.mp3,0.5,1.2000000476837158
.mine,Soundpack\Memes\mine.mp3,0.44999998807907104,6.400000095367432
.misinput,Soundpack\Memes\misinput.mp3,0.30000001192092896,5.699999809265137
.mweep,Soundpack\Memes\mweep.wav,0.6000000238418579,0.3444444537162781
.mikey,Soundpack\Memes\OH SHIT MIKEY YAKSON.mp3,0.699999988079071,2.5
.banana,Soundpack\Memes\oh_banana.mp3,0.4000000059604645,2.299999952316284
.patches,Soundpack\Memes\patches yaharr.wav,0.4000000059604645,3.4452290534973145
.yaharr,Soundpack\Memes\patches yaharr.wav,0.4000000059604645,3.4452290534973145
.rolling,Soundpack\Memes\rolling start.mp3,0.3499999940395355,7
.gorilla,Soundpack\Memes\Tarzan says Gorilla English.mp3,0.30000001192092896,2.0999999046325684
.wagh,Soundpack\Memes\wagh.mp3,0.5,3.5
.blaine,Soundpack\Memes\when you're hot you're hot.wav,0.5,1.0129705667495728
.wort,Soundpack\Memes\wort.mp3,0.4000000059604645,1.100000023841858
.woop,Soundpack\Memes\zoidberg-woop-woop.mp3,1,2.200000047683716
.money,Soundpack\Memes\I like money.mp3,0.4000000059604645,0.800000011920929
.ambatukum,Soundpack\Memes\ambatukum.mp3,0.4000000059604645,3.4000000953674316
.joker,Soundpack\Memes\joker.mp3,0.6000000238418579,2
.barnacles,Soundpack\Memes\barnacles.mp3,1,3.200000047683716
.door,Soundpack\Memes\door stuck.mp3,0.5,2.5999999046325684
.tidus,Soundpack\Memes\tidus.mp3,1,3.5
.hogger,Soundpack\Memes\hoggarrr.wav,0.5,2.238354206085205
.kingler,Soundpack\Memes\kingler.wav,0.5,0.3831292390823364
.cloyster,Soundpack\Memes\cl-l-l-l-l-l-loyster.wav,0.4000000059604645,1.491882085800171
.venomoth,Soundpack\Memes\venomth.wav,0.5,0.43682539463043213
.nido,Soundpack\Memes\nidoqueen.wav,0.3499999940395355,1.404807209968567
.guardian,Soundpack\Memes\cum_guardian.wav,0.4000000059604645,1.2920634746551514
.pluto,Soundpack\Pals\plutoisabitch.mp3,1,2.4000000953674316
.bitch,Soundpack\Pals\plutoisabitch.mp3,1,2.4000000953674316
.cos,Soundpack\Pals\circle of scorn.mp3,0.20000000298023224,1
.circleofscorn,Soundpack\Pals\circle of scorn.mp3,0.20000000298023224,1
.cringe,Soundpack\Pals\CRINGE.mp3,0.4000000059604645,0.8999999761581421
.bio,Soundpack\Pals\drain the main vein.mp3,0.20000000298023224,3
.mainvein.vein,Soundpack\Pals\drain the main vein.mp3,1,3
.poggers,Soundpack\Pals\eien_poggers.mp3,0.5,1
.nut,Soundpack\Pals\fat fucking nut cut.mp3,0.25,1.7000000476837158
.mike,Soundpack\Pals\fuck mike.mp3,0.800000011920929,1
.fuckpluto,Soundpack\Pals\fuck you pluto.mp3,0.20000000298023224,1.2000000476837158
.fuckyou,Soundpack\Pals\FUCK YOU.mp3,0.6000000238418579,0.800000011920929
.embolden,Soundpack\Pals\FUCK YOU.mp3,0.6000000238418579,0.800000011920929
.brbr,Soundpack\Pals\gahhh brbrbrbr.mp3,0.3499999940395355,1.2000000476837158
.gobble,Soundpack\Pals\gobble my cock.mp3,0.20000000298023224,2
.confiteor,Soundpack\Pals\grapefiteor.mp3,0.44999998807907104,2
.grapefruit,Soundpack\Pals\grapefiteor.mp3,0.44999998807907104,2
.grapefiteor,Soundpack\Pals\grapefiteor.mp3,0.44999998807907104,2
.griefer,Soundpack\Pals\griefer.mp3,0.550000011920929,0.30000001192092896
.jalen,Soundpack\Pals\howlongcanyouscream.mp3,0.15000000596046448,11.699999809265137
.ugly,Soundpack\Pals\I just want you to know you're ugly.mp3,0.5,1.2000000476837158
.poop,Soundpack\Pals\jalen poopie a lot.mp3,0.25,1.600000023841858
.keikaku,Soundpack\Pals\keikaku.mp3,0.800000011920929,1.2999999523162842
.mdp,Soundpack\Pals\mdp.mp3,0.8999999761581421,1.7000000476837158
.mmc,Soundpack\Pals\mmc.mp3,1,1.2000000476837158
.activated,Soundpack\Pals\neuron activated.mp3,0.5,1.2999999523162842
.deactivated,Soundpack\Pals\neuron deactivated.mp3,0.5,1.2999999523162842
.nroom,Soundpack\Pals\NROOOM.mp3,1,0.6000000238418579
.asshole,Soundpack\Pals\pluto's asshole.mp3,0.3499999940395355,2.0999999046325684
.rinkarigani,Soundpack\Pals\rin karigani I love you.mp3,0.6000000238418579,3.4000000953674316
.sugma,Soundpack\Pals\sugma.mp3,0.4000000059604645,3.299999952316284
.vouch,Soundpack\Pals\VOUCH FOR ME.mp3,0.5,0.800000011920929
.yeowch,Soundpack\Pals\YEOWCH.mp3,1,0.6000000238418579
.alpha,Soundpack\Pals\alpha is crushing my nuts.mp3,1,4.400000095367432
.backshots,Soundpack\Pals\back shots.mp3,1,1.899999976158142
.berzerking,Soundpack\Pals\berzerking.mp3,0.5,9.5
.bro,Soundpack\Pals\bro.mp3,0.4000000059604645,1.100000023841858
.cum,Soundpack\Pals\chug in the cum bro.mp3,0.25,1.7000000476837158
.cliff,Soundpack\Pals\cliff.mp3,0.4000000059604645,1.600000023841858
.content,Soundpack\Pals\content is content.mp3,0.699999988079071,1.2000000476837158
.doomah,Soundpack\Pals\doomah backwards.mp3,0.25,5.5
.fallout,Soundpack\Pals\fallout_jalen.mp3,0.30000001192092896,3.700000047683716
.googoo,Soundpack\Pals\goo goo gaga damage.mp3,0.3499999940395355,1.7999999523162842
.greasy,Soundpack\Pals\greasy gunky gamer.mp3,1,1.899999976158142
.gunky,Soundpack\Pals\greasy gunky gamer.mp3,1,1.899999976158142
.gamer,Soundpack\Pals\greasy gunky gamer.mp3,1,1.899999976158142
.hot,Soundpack\Pals\hot.mp3,0.699999988079071,4.099999904632568
.cleave,Soundpack\Pals\I will not cleave the party.mp3,0.5,1.7000000476837158
.letsgo,Soundpack\Pals\lets go babyyyyyyyyyyyyyyyyyyyyy.mp3,0.6000000238418579,6.099999904632568
.listen,Soundpack\Pals\listen.mp3,0.800000011920929,0.6000000238418579
.mario,Soundpack\Pals\mario.mp3,0.6000000238418579,1.2999999523162842
.mercenaries,Soundpack\Pals\mercenaries.mp3,0.4000000059604645,1.600000023841858
.monke,Soundpack\Pals\monkE.mp3,0.5,2.5
.noustfu,Soundpack\Pals\noustfu.mp3,1,1
.nyoam,Soundpack\Pals\nyooammmm.mp3,0.25,1.100000023841858
.penis,Soundpack\Pals\penis pluto.mp3,0.800000011920929,1.2999999523162842
.punish,Soundpack\Pals\punish me.mp3,0.4000000059604645,3.9000000953674316
.riding,Soundpack\Pals\riding my nuts.mp3,0.800000011920929,1
.michael,Soundpack\Pals\stfu.mp3,0.800000011920929,2.200000047683716
.whoa,Soundpack\Pals\whoa.mp3,0.699999988079071,0.8999999761581421
.smash,Soundpack\Pals\smash.mp3,1,3.299999952316284
.gigashit,Soundpack\Pals\gigashit fart per second.mp3,0.699999988079071,4.099999904632568
.aboot,Soundpack\Pals\aboot.mp3,1,0.8999999761581421
.ankles,Soundpack\Pals\ankles.mp3,0.800000011920929,1.2999999523162842
.baka,Soundpack\Pals\baka.mp3,0.800000011920929,1.2000000476837158
.cover,Soundpack\Pals\cover.mp3,0.5,1.399999976158142
.dms,Soundpack\Pals\dms.mp3,0.4000000059604645,4.5
.elope,Soundpack\Pals\elope.mp3,0.5,1.7000000476837158
.fingers,Soundpack\Pals\fingers.mp3,0.8999999761581421,1.7999999523162842
.flameshot,Soundpack\Pals\flameshot.mp3,0.20000000298023224,16.399999618530273
.gift,Soundpack\Pals\gift.mp3,0.5,0.699999988079071
.go,Soundpack\Pals\go.mp3,0.20000000298023224,2
.goblin,Soundpack\Pals\goblin.mp3,0.5,1
.going,Soundpack\Pals\goingin.mp3,0.20000000298023224,2.0999999046325684
.hand,Soundpack\Pals\hand.mp3,0.4000000059604645,1.2999999523162842
.healer,Soundpack\Pals\healer.mp3,0.6000000238418579,1.600000023841858
.help,Soundpack\Pals\HELP.mp3,0.15000000596046448,3.200000047683716
.hurricane,Soundpack\Pals\hurricane.mp3,0.800000011920929,3.4000000953674316
.knew,Soundpack\Pals\I KNEW IT.mp3,0.5,1.5
.insides,Soundpack\Pals\insides.mp3,0.800000011920929,1.5
.trap,Soundpack\Pals\it's a trap.mp3,0.5,1.899999976158142
.kid,Soundpack\Pals\kid.mp3,0.800000011920929,1
.lfg,Soundpack\Pals\LFG.mp3,0.4000000059604645,2.5999999046325684
.lose,Soundpack\Pals\lose.mp3,0.800000011920929,3.0999999046325684
.engage,Soundpack\Pals\microeienwave engage.mp3,0.5,1.2000000476837158
.cd,Soundpack\Pals\microeienwave.mp3,0.5,3.5
.countdown,Soundpack\Pals\microeienwave.mp3,0.5,3.5
.notagain,Soundpack\Pals\not again.mp3,0.5,3.299999952316284
.phasmo,Soundpack\Pals\OH FUCK.mp3,0.20000000298023224,0.8999999761581421
.famo,Soundpack\Pals\OH FUCK.mp3,0.20000000298023224,0.8999999761581421
.power,Soundpack\Pals\power.mp3,0.4000000059604645,0.8999999761581421
.raidlead,Soundpack\Pals\raidlead.mp3,0.5,3.0999999046325684
.taako,Soundpack\Pals\raidlead.mp3,0.5,3.0999999046325684
.hello,Soundpack\Pals\ryan hello.mp3,0.5,0.6000000238418579
.shirk,Soundpack\Pals\S H I R K.mp3,0.4000000059604645,1
.sexy,Soundpack\Pals\sexy.mp3,0.5,1.7999999523162842
.stream,Soundpack\Pals\stream.mp3,0.800000011920929,0.699999988079071
.think,Soundpack\Pals\think.mp3,0.800000011920929,4.300000190734863
.twister,Soundpack\Pals\twister.mp3,0.5,0.699999988079071
.wtf,Soundpack\Pals\w t f.mp3,1,1.5
.creaming,Soundpack\Pals\creaming.mp3,0.800000011920929,1.2000000476837158
.eating,Soundpack\Pals\eating.mp3,0.5,2.4000000953674316
.sudoku,Soundpack\Pals\sudoku.mp3,0.6000000238418579,3.299999952316284
.tb,Soundpack\Pals\tankbuster.mp3,0.800000011920929,1.5
.tankbuster,Soundpack\Pals\tankbuster.mp3,0.800000011920929,1.5
.yes,Soundpack\Pals\YES loud.mp3,0.05999999865889549,2.4000000953674316
.fellcleave,Soundpack\Pals\fell cleave.mp3,0.5,2
.fc,Soundpack\Pals\fell cleave.mp3,0.5,2
.omiga,Soundpack\Pals\omiga.mp3,1,2.0999999046325684
.omeeguh,Soundpack\Pals\omeeguh.mp3,0.5,0.4000000059604645
.joon,Soundpack\Pals\joon.mp3,0.75,5.099999904632568
.brudda,Soundpack\Pals\omeeguh my brudda.mp3,0.6000000238418579,1.2000000476837158
.brain,Soundpack/Custom/brain.wav,0.20000000298023224,2.4102916717529297
.cuck,Soundpack\Pals\cuck.mp3,0.4000000059604645,3.5999999046325684
.flip,Soundpack\Pals\do a flip.mp3,0.4000000059604645,0.800000011920929
.habrbr,Soundpack\Pals\habrbr.mp3,0.4000000059604645,1.100000023841858
.heal,Soundpack\Pals\heal yourself bitch.mp3,0.5,0.800000011920929
.gm,Soundpack\Pals\hello michael.mp3,0.12999999523162842,1.2000000476837158
.idk,Soundpack\Pals\idk where we are in the fight.mp3,0.4000000059604645,2.5
.joobie,Soundpack\Pals\joobie.mp3,0.5,1.7999999523162842
.knock,Soundpack\Pals\knock on wood.mp3,0.6000000238418579,1.399999976158142
.krabs,Soundpack\Pals\krabs.mp3,0.4000000059604645,0.20000000298023224
.golf,Soundpack\Pals\michael golf with your friends moment.mp3,0.30000001192092896,1.7000000476837158
.shrigma,Soundpack\Pals\shrigma.mp3,0.4000000059604645,3.299999952316284
.valorant,Soundpack\Pals\valorant.mp3,0.4000000059604645,2.700000047683716
.fatcock,Soundpack\Pals\sucking a fat cock.mp3,0.4000000059604645,1.7999999523162842
.unlucky,Soundpack\Pals\unlucky.mp3,0.4000000059604645,0.699999988079071
.hate,Soundpack\Pals\I hate this bitch.mp3,0.5,1.899999976158142
.save,Soundpack\Pals\save me.mp3,0.30000001192092896,2.9000000953674316
.ahh,Soundpack\Pals\eien literally dying.mp3,0.4000000059604645,3.0999999046325684
.cancel,Soundpack\Pals\cancel your ass.mp3,0.4000000059604645,1.7999999523162842
.10years,Soundpack/Custom/10_years_in_the_joint.wav,0.5,2.906621217727661
.40nuts,Soundpack/Custom/squirrely_scout.wav,0.6000000238418579,4.609160900115967
.4head,Soundpack/Custom/4head.wav,0.20000000298023224,0.9734166860580444
.4what,Soundpack/Custom/forwhat.wav,1,0.8654195070266724
.66,Soundpack/Custom/order66.mp3,0.20000000298023224,3.700000047683716
.88k,Soundpack/Custom/a_d_8_k_-_eien.mp3,0.15000000596046448,2.0999999046325684
.9pm,Soundpack/Custom/9pm.wav,0.5,2.191145896911621
.D:,Soundpack/Custom/captial_d_colon.wav,0.5,1.7968541383743286
.a,Soundpack/Custom/gawr-gura-a.mp3,0.5,1.899999976158142
.aa,Soundpack/Custom/aa.wav,0.019999999552965164,1.0443084239959717
.aaaooo,Soundpack/Custom/aaaooo.wav,0.5,1.2167119979858398
.aaaugh,Soundpack/Custom/aaaugh.wav,1,0.9401041865348816
.aack,Soundpack/Custom/pain4.wav,0.30000001192092896,0.3886621296405792
.acnl,Soundpack/Custom/acnl.wav,0.5,6.664541721343994
.ae,Soundpack/Custom/ae.wav,0.019999999552965164,0.347528338432312
.aeiou,Soundpack/Custom/aeiou.wav,0.699999988079071,0.6037188172340393
.again,Soundpack/Custom/again.mp3,1,3.0999999046325684
.ahh2,Soundpack/Custom/zaytoven_ahh.mp3,0.5,0.699999988079071
.aim,Soundpack/Custom/aim.wav,0.10000000149011612,0.3733749985694885
.alala,Soundpack/Custom/alala.wav,0.4000000059604645,0.9417083263397217
.allthe,Soundpack/Custom/allthe.wav,0.15000000596046448,1.304739236831665
.alrighty,Soundpack/Custom/allllrighty-then.mp3,0.5,1.7000000476837158
.amazing,Soundpack/Custom/thats-amazing_i8ctuCt.mp3,0.5,1.2000000476837158
.amen,Soundpack/Custom/amen.wav,0.5,1.6181875467300415
.amongus,Soundpack/Custom/amongus.wav,1,0.5516326427459717
.ao,Soundpack/Custom/ao.wav,0.019999999552965164,0.34718820452690125
.aol,Soundpack/Custom/aol-instant-messenger-trimmed.mp3,0.4000000059604645,1.7000000476837158
.arcane,Soundpack/Custom/arcane_circle.wav,0.4000000059604645,1.534333348274231
.argh,Soundpack/Custom/pain1.wav,0.30000001192092896,0.8274829983711243
.armpit,Soundpack/Custom/armpit_enjoyer.mp3,0.15000000596046448,0.8999999761581421
.atonements,Soundpack/Custom/atonements.wav,0.5,1.8804999589920044
.attacked,Soundpack/Custom/attacked.wav,0.4000000059604645,0.6925396919250488
.awp,Soundpack/Custom/cs_go-awp-sound.mp3,0.30000001192092896,2
.awpflicks,Soundpack/Custom/awpflicks.wav,0.10000000149011612,0.9883333444595337
.aww,Soundpack/Custom/aww.wav,0.5,1.518911600112915
.ay,Soundpack/Custom/ay.wav,0.019999999552965164,1.3901360034942627
.ayaya,Soundpack/Custom/ayaya.wav,0.4000000059604645,0.7498186230659485
.ayayay,Soundpack/Custom/ayayay.wav,0.4000000059604645,1.1307499408721924
.aye,Soundpack/Custom/aye.wav,0.4000000059604645,1.7298866510391235
.backhere,Soundpack/Custom/Get_Your_Ass_Back_Here.wav,0.4000000059604645,1.8463038206100464
.bad,Soundpack/Custom/bad-to-the-bone-meme.mp3,0.20000000298023224,2.5
.badben1,Soundpack/Custom/bad_ben_ass.wav,0.4000000059604645,0.632743775844574
.badben2,Soundpack/Custom/bad_ben_fuck.wav,0.4000000059604645,0.43827664852142334
.badben3,Soundpack/Custom/bad_ben_shit.wav,0.4000000059604645,0.650158703327179
.badben4,Soundpack/Custom/bad_ben_god_damn_it.wav,0.4000000059604645,0.7343310713768005
.badong,Soundpack/Custom/badong.wav,0.4000000059604645,2.081111192703247
.baja,Soundpack/Custom/baja_blast_moment.wav,1,2.324125051498413
.bald,Soundpack/Custom/bald.wav,0.6000000238418579,0.8185033798217773
.ballin,Soundpack/Custom/ballin.mp3,0.15000000596046448,1.5
.balls,Soundpack/Custom/balls.mp3,0.20000000298023224,2
.banjo,Soundpack/Custom/vc_buddy_appeal03.wav,0.6000000238418579,0.40441668033599854
.banjo2,Soundpack/Custom/vc_buddy_ottotto.wav,0.6000000238418579,0.4898958206176758
.banjo3,Soundpack/Custom/vc_buddy_wakeup.wav,0.6000000238418579,0.3538333475589752
.banjo4,Soundpack/Custom/vc_buddy_knockout.wav,0.6000000238418579,2.303687572479248
.basuta,Soundpack/Custom/potemkin_basuta.wav,0.6000000238418579,5.110430717468262
.bb1,Soundpack/Custom/bb1.ogg,0.30000001192092896,0.8999999761581421
.bb2,Soundpack/Custom/bb2.ogg,0.30000001192092896,1.2999999523162842
.bb3,Soundpack/Custom/bb3.wav,0.5,2.641632556915283
.beter,Soundpack/Custom/ey_beter.wav,0.4000000059604645,1.0153061151504517
.better,Soundpack/Custom/you_could_be_better.wav,0.800000011920929,2.2159790992736816
.bigger,Soundpack/Custom/bigger.wav,0.30000001192092896,2.0665760040283203
.bigot,Soundpack/Custom/bigot.wav,0.5,0.7566666603088379
.bill1,Soundpack/Custom/bill1.wav,0.20000000298023224,1.137208342552185
.bill2,Soundpack/Custom/bill2.wav,0.20000000298023224,0.8057500123977661
.bill3,Soundpack/Custom/bill3.wav,0.20000000298023224,0.7257500290870667
.bill4,Soundpack/Custom/bill4.wav,0.20000000298023224,0.800041675567627
.birb,Soundpack/Custom/OISEAU57.wav,0.5,0.49342402815818787
.bite,Soundpack/Custom/bite_of_87.wav,0.699999988079071,1.7349375486373901
.bitties,Soundpack/Custom/tig_ol_bitties.wav,0.15000000596046448,2.406553268432617
.bj,Soundpack/Custom/bj.mp3,0.05000000074505806,2.9000000953674316
.black,Soundpack/Custom/black.wav,0.699999988079071,1.2720832824707031
.blast,Soundpack/Custom/blast.wav,0.30000001192092896,2.314854145050049
.blegh,Soundpack/Custom/Kirby-blegh.wav,0.15000000596046448,0.7362291812896729
.blind,Soundpack/Custom/blind.wav,0.6499999761581421,2.6026666164398193
.blj,Soundpack/Custom/npc-yc_mario-win.wav,0.5,1.0387755632400513
.bll,Soundpack/Custom/bll.mp3,0.20000000298023224,2.0999999046325684
.blm,Soundpack/Custom/blm.wav,0.30000001192092896,1.7573332786560059
.blunt,Soundpack/Custom/blunt.wav,0.30000001192092896,1.8614583015441895
.bmb1,Soundpack/Custom/bmb1.wav,0.10000000149011612,2.14530611038208
.bmb2,Soundpack/Custom/bmb2.wav,0.10000000149011612,1.7408616542816162
.bmb3,Soundpack/Custom/bmb3.wav,0.10000000149011612,1.2902494668960571
.bmb4,Soundpack/Custom/bmb4.wav,0.10000000149011612,3.420226812362671
.bmb5,Soundpack/Custom/bmb5.wav,0.10000000149011612,1.2800453901290894
.bmbda,Soundpack/Custom/bmbda.wav,0.10000000149011612,1.5718821287155151
.bnd,Soundpack/Custom/boy-next-door.mp3,0.30000001192092896,1.100000023841858
.bombplant,Soundpack/Custom/bombplant.wav,0.10000000149011612,1.3836458921432495
.boost,Soundpack/Custom/you_got_boost_power.wav,0.5,2.191999912261963
.boss,Soundpack/Custom/boss_of_this_gym.wav,1,1.6117233037948608
.bowling,Soundpack/Custom/bowling.wav,0.4000000059604645,2.264458417892456
.bowser,Soundpack/Custom/Sample_0063.wav,0.25,1.1355313062667847
.boy,Soundpack/Custom/boy.wav,0.6000000238418579,0.5328571200370789
.boyfriend,Soundpack/Custom/not_your_boyfriend.wav,0.6000000238418579,1.4947845935821533
.bp,Soundpack/Custom/bp.wav,0.019999999552965164,1.3993877172470093
.braccus,Soundpack/Custom/Braccus_Slurp.wav,0.699999988079071,2.7999792098999023
.brainlag,Soundpack/Custom/brainlag.mp3,0.20000000298023224,6.300000190734863
.brainpower,Soundpack/Custom/brain_power.mp3,0.30000001192092896,1.399999976158142
.brawl,Soundpack/Custom/brawl.wav,0.10000000149011612,8.66623592376709
.break,Soundpack/Custom/break.wav,0.10000000149011612,3.968435287475586
.breathing,Soundpack/Custom/breathing.wav,1,1.2197707891464233
.breathingin,Soundpack/Custom/breathing_in.wav,0.20000000298023224,1.8243991136550903
.brode,Soundpack/Custom/ben-brode2_1.wav,0.20000000298023224,5.127324104309082
.broke,Soundpack/Custom/broke.wav,0.5,1.6718367338180542
.bsohh,Soundpack/Custom/Big_Smoke_Ohhh_Sound_Effect_Clean.mp3,0.5,1.2000000476837158
.btr,Soundpack/Custom/big_time_rush_vocals.wav,0.15000000596046448,3.952040910720825
.buildup,Soundpack/Custom/buildup.wav,0.05000000074505806,1.988843560218811
.buildup2,Soundpack/Custom/buildup2.wav,0.03999999910593033,1.0257823467254639
.bunnyhopping,Soundpack/Custom/bunnyhopping.wav,0.10000000149011612,0.6881874799728394
.burp,Soundpack/Custom/burp.wav,0.5,0.598479151725769
.buzz,Soundpack/Custom/monkeys.wav,0.699999988079071,2.0549659729003906
.buzzer,Soundpack/Custom/buzzer.mp3,0.20000000298023224,1.2000000476837158
.bwoke,Soundpack/Custom/bwoke_it.wav,0.6000000238418579,1.7516553401947021
.bye,Soundpack/Custom/shop_0.aw_00000025.wav,0.5,0.8883196711540222
.cake1,Soundpack/Custom/cake1.wav,0.25,1.9229931831359863
.cake2,Soundpack/Custom/cake2.wav,0.25,2.1394331455230713
.callofdutyadvancedwarfarexboxone,Soundpack/Custom/copy_that.wav,0.5,0.6727437376976013
.camera,Soundpack/Custom/sm64_camera_click.wav,1,0.1860000044107437
.cancer,Soundpack/Custom/cancer.wav,0.5,5.478104114532471
.cantina,Soundpack/Custom/cantina_flac_version1266845848101322792.flac,0.20000000298023224,3.660612106323242
.caress,Soundpack/Custom/frieza_balls.wav,0.4000000059604645,6.754512310028076
.carl,Soundpack/Custom/carl.wav,0.5,3.3160834312438965
.carpet,Soundpack/Custom/in_the_house_like_carpet.wav,0.6000000238418579,2.14884352684021
.casterstrats,Soundpack/Custom/caster_strats.mp3,0.6000000238418579,7.900000095367432
.cdw,Soundpack/Custom/change_da_world.wav,0.20000000298023224,7.514583110809326
.chair,./Soundpack/Custom/chair.wav,1,2.1149582862854004
.chalmers,Soundpack/Custom/chalmers.wav,0.5,1.7615193128585815
.changed,Soundpack/Custom/everything_changed.wav,0.4000000059604645,1.143083930015564
.cheese,Soundpack/Custom/James_May_says_cheese..mp3,0.4000000059604645,1.7000000476837158
.cheesy,Soundpack/Custom/cheesy.wav,0.30000001192092896,1.200158715248108
.chimp,Soundpack/Custom/chimp.wav,0.5,2.2871041297912598
.china,Soundpack/Custom/china.wav,0.5,1.619083285331726
.chipi,Soundpack/Custom/soad_chipi.wav,0.15000000596046448,6.510838985443115
.chomp,Soundpack/Custom/chomp.mp3,0.6000000238418579,0.5
.cinderella,Soundpack/Custom/cinderella.wav,0.20000000298023224,2.499708414077759
.clams,Soundpack/Custom/clams.wav,0.5,1.7614965438842773
.clear,Soundpack/Custom/clear.mp3,0.10000000149011612,2.200000047683716
.click,Soundpack/Custom/click.wav,1,0.7900906801223755
.close,Soundpack/Custom/oak7.wav,0.5,1
.clue,Soundpack/Custom/clue.wav,0.4000000059604645,1.0898958444595337
.clutch,Soundpack/Custom/clutch.wav,0.6000000238418579,2.8572561740875244
.cockout,Soundpack/Custom/cockout.wav,0.20000000298023224,1.1305668354034424
.cocky,Soundpack/Custom/cocky.wav,0.30000001192092896,1.3592517375946045
.come,Soundpack/Custom/Wave24.wav,0.20000000298023224,0.6181859374046326
.commander,Soundpack/Custom/commander.mp3,0.30000001192092896,2
.communication,Soundpack/Custom/communication.wav,0.10000000149011612,2.6208958625793457
.computer,Soundpack/Custom/mario_nice_computer.wav,0.4000000059604645,5.005270957946777
.computers,Soundpack/Custom/computers.wav,0.4000000059604645,1.269319772720337
.consoles,Soundpack/Custom/consoles.wav,0.4000000059604645,1.480884313583374
.cook,Soundpack/Custom/let_him_cook.wav,0.5,1.5196372270584106
.cool,Soundpack/Custom/ggst-cool.wav,0.3499999940395355,1.2428749799728394
.cop,Soundpack/Custom/outlast_cop.wav,0.6000000238418579,2.2338547706604004
.cops,Soundpack/Custom/cops.wav,0.05000000074505806,4.888503551483154
.corn,Soundpack/Custom/corn.mp3,0.5,2.5
.correct,Soundpack/Custom/correct.wav,0.20000000298023224,6.68966007232666
.counter,Soundpack/Custom/counter.wav,0.15000000596046448,1.5318593978881836
.cow,Soundpack/Custom/cow-moo.mp3,0.20000000298023224,1.600000023841858
.crabrave,Soundpack/Custom/crabrave.wav,0.20000000298023224,3.8309977054595947
.crash,Soundpack/Custom/crash-bandicoot-sounds-woah_Px27tQT.mp3,0.5,0.6000000238418579
.crosshair,Soundpack/Custom/crosshair.wav,0.10000000149011612,0.8053125143051147
.cub,Soundpack/Custom/cub.wav,0.20000000298023224,1.573812484741211
.cuhh,Soundpack/Custom/im-about-to-cuhh.mp3,0.30000001192092896,10.100000381469727
.cyberpunk,Soundpack/Custom/cyberpunked.mp3,0.10000000149011612,1.7999999523162842
.d,Soundpack/Custom/d.wav,0.20000000298023224,2.2161450386047363
.d4,Soundpack/Custom/d4.wav,0.30000001192092896,3.145458221435547
.dababy,Soundpack/Custom/dababy_lets_go.mp3,0.3499999940395355,1.7999999523162842
.dada,Soundpack/Custom/dada.wav,0.4000000059604645,0.2357916682958603
.daddy,Soundpack/Custom/daddy.wav,0.30000001192092896,3.7028117179870605
.damedane,Soundpack/Custom/damedane.wav,0.07999999821186066,5.750068187713623
.damm,Soundpack/Custom/damm.mp3,0.15000000596046448,0.5
.danger,Soundpack/Custom/ralph.wav,0.800000011920929,1.8352607488632202
.darkrai,Soundpack/Custom/goaway.wav,1,2.1883749961853027
.darude,Soundpack/Custom/darude.wav,0.10000000149011612,3.125187397003174
.dayum,./Soundpack/Custom/dayum.wav,1,0.8242630362510681
.dc,Soundpack/Custom/Windows_Hardware_Remove.wav,1,1.196462631225586
.ddf,Soundpack/Custom/Deep_Dark_Fantasy.wav,0.699999988079071,2.3353514671325684
.dead,Soundpack/Custom/dead.wav,0.30000001192092896,1.9179166555404663
.dedededededede,Soundpack/Custom/dedededededede.wav,0.4000000059604645,0.883104145526886
.destroyed,Soundpack/Custom/NA_1604_BtlEnd_Destroyed.ogg,0.3499999940395355,1.7999999523162842
.detail,Soundpack/Custom/16.mp3,0.5,2.200000047683716
.detention,Soundpack/Custom/detention.ogg,1,1.7999999523162842
.devilish,Soundpack/Custom/devilish.wav,0.5,3.680952310562134
.dicks,Soundpack/Custom/dicks.wav,1,2.332244873046875
.disgusting,Soundpack/Custom/cty01_n05_sd.wav,0.30000001192092896,3.242666721343994
.dissing,Soundpack/Custom/dissing.wav,0.30000001192092896,1.606374979019165
.dm,Soundpack/Custom/dungeon-master_lH2ReGX.mp3,0.4000000059604645,1
.docking,Soundpack/Custom/docking.wav,0.5,0.8357499837875366
.dodododododo,Soundpack/Custom/dodododododo.wav,0.4000000059604645,0.8873958587646484
.donation,Soundpack/Custom/donation.wav,0.20000000298023224,4.968843460083008
.dong,Soundpack/Custom/dingdingdong.wav,0.20000000298023224,3.3067574501037598
.dooker,Soundpack/Custom/dooker.mp3,0.5,3.4000000953674316
.doorhole,Soundpack/Custom/doorhole.wav,0.800000011920929,2.0296826362609863
.dotf1,Soundpack/Custom/duel_of_the_fates_1.wav,0.20000000298023224,7.4226531982421875
.dotf2,Soundpack/Custom/duel_of_the_fates_2.wav,0.20000000298023224,8.329387664794922
.dough,Soundpack/Custom/mario-doh.WAV,1,0.5720000267028809
.downed,Soundpack/Custom/Fortnite_Death_-_Sound_Effect_HD.mp3,0.30000001192092896,2
.dudu,Soundpack/Custom/didi.wav,0.4000000059604645,0.2357916682958603
.dududududu,Soundpack/Custom/dududududu.wav,0.4000000059604645,0.648770809173584
.dududududududu,Soundpack/Custom/dududududududu.wav,0.4000000059604645,0.8692291378974915
.duhduh,Soundpack/Custom/duhduh.wav,0.019999999552965164,0.7069841027259827
.dukem1,Soundpack/Custom/duke_nukem_1.wav,0.10000000149011612,2.3604583740234375
.dukem2,Soundpack/Custom/duke_nukem_2.wav,0.10000000149011612,2.034208297729492
.dukem3,Soundpack/Custom/duke_nukem_3.wav,0.10000000149011612,2.1541666984558105
.e,Soundpack/Custom/E.mp3,0.15000000596046448,1.600000023841858
.ea,Soundpack/Custom/ea.wav,0.019999999552965164,0.6933560371398926
.eagle,Soundpack/Custom/eagle.mp3,0.30000001192092896,2.5
.eat,Soundpack/Custom/eat.wav,0.3499999940395355,1.475895643234253
.ebgames,Soundpack/Custom/ebgames.wav,0.5,2.716031789779663
.economy,Soundpack/Custom/economy.wav,0.10000000149011612,1.6032708883285522
.egads,Soundpack/Custom/egads.wav,0.5,1.0326076745986938
.egg,Soundpack/Custom/James_May_says_Egg.mp3,0.4000000059604645,0.699999988079071
.ehluigi,Soundpack/Custom/hotel_mario_eh_luigi.wav,1,3.8519954681396484
.elite,Soundpack/Custom/woboba.mp3,0.30000001192092896,1.7000000476837158
.empire,Soundpack/Custom/your-new-empire-4hj.mp3,0.20000000298023224,5
.enigma,Soundpack/Custom/the_inner_machinations_of_my_mind_are_an_enigma.wav,0.699999988079071,3.2536962032318115
.epic,Soundpack/Custom/epic.wav,0.029999999329447746,3.6491382122039795
.epic2,Soundpack/Custom/epic2.wav,0.029999999329447746,7.990499019622803
.epic3,Soundpack/Custom/agnus_dei.mp3,0.10000000149011612,6.900000095367432
.error,Soundpack/Custom/error.mp3,0.20000000298023224,1
.excuse,Soundpack/Custom/excuse_you.wav,0.5,0.36395832896232605
.facts,Soundpack/Custom/facts.wav,0.699999988079071,1.9869166612625122
.failure,Soundpack/Custom/nr_1p08.dsp.wav,0.4000000059604645,1.2510000467300415
.faker,Soundpack/Custom/file_439_001.wav,0.5,1.9853061437606812
.faker?,Soundpack/Custom/faker.wav,0.5,0.8418594002723694
.falco,Soundpack/Custom/nr_name04.dsp.wav,0.4000000059604645,0.8168333172798157
.falcon,Soundpack/Custom/nr_name00.dsp.wav,0.4000000059604645,1.162166714668274
.falling,Soundpack/Custom/falling.wav,0.6000000238418579,2.1535208225250244
.fantastic,Soundpack/Custom/fantastic.wav,0.10000000149011612,1.7570208311080933
.fartin,Soundpack/Custom/fartin.wav,0.10000000149011612,5.094149589538574
.feint,Soundpack/Custom/feint.wav,0.5,2.3133749961853027
.finger,Soundpack/Custom/stick-your-finger-in-my-ass.mp3,0.75,2.4000000953674316
.fire,Soundpack/Custom/fire.wav,0.4000000059604645,0.43190476298332214
.firenation,Soundpack/Custom/firenation.wav,0.4000000059604645,0.7968026995658875
.fishon,Soundpack/Custom/fish.wav,0.10000000149011612,2.875079393386841
.fisting,Soundpack/Custom/fisting.wav,0.4000000059604645,2.8330159187316895
.flabbergast,Soundpack/Custom/michael_doing_somthing_idk.wav,1,0.9718541502952576
.flap,Soundpack/Custom/final_lap.wav,0.5,2.9760000705718994
.fortnite,Soundpack/Custom/battlepass.wav,0.10000000149011612,1.871337890625
.found,Soundpack/Custom/found.mp3,0.5,1.2000000476837158
.fox,Soundpack/Custom/nr_name05.dsp.wav,0.4000000059604645,0.6201666593551636
.fpass,Soundpack/Custom/fpass.wav,1,2.434739112854004
.freddy,Soundpack/Custom/freddy.wav,0.20000000298023224,4.999795913696289
.friday,Soundpack/Custom/friday.wav,0.15000000596046448,5.005623817443848
.fridaynight1,Soundpack/Custom/friday_night_1.wav,0.10000000149011612,7.603696346282959
.fridaynight2,Soundpack/Custom/friday_night_2.wav,0.10000000149011612,3.8262131214141846
.fuckrin,Soundpack/Custom/fuckrin.wav,0.20000000298023224,1.0758541822433472
.funky,Soundpack/Custom/funky.wav,0.30000001192092896,1.6901813745498657
.furei,Soundpack/Custom/fu_rei.wav,0.5,0.8687291741371155
.furry,Soundpack/Custom/I_hate_furries.mp3,0.30000001192092896,0.8999999761581421
.furry?,Soundpack/Custom/markfurry.wav,1,2.1815872192382812
.fuzzy,Soundpack/Custom/smw2_touched_fuzzy.wav,0.5,0.8292517066001892
.fyou,Soundpack/Custom/fuck_you.wav,1,1.1584126949310303
.gaagaa,Soundpack/Custom/gaagaa.wav,0.44999998807907104,3.330604076385498
.gachigasm,Soundpack/Custom/gachigasm.mp3,0.25,4.400000095367432
.gaga,Soundpack/Custom/gaga.wav,0.20000000298023224,0.7207083106040955
.gah,./Soundpack/Custom/gah.wav,1,0.3365306258201599
.gahdayum,./Soundpack/Custom/gah_dayum.wav,1,1.160793662071228
.gamba,./Soundpack/Custom/gamba.mp3,0.30000001192092896,0.6000000238418579
.gameover,Soundpack/Custom/MGS1_Game_Over_Theme_HD.mp3,0.20000000298023224,4.400000095367432
.gameoveryeah,Soundpack/Custom/game_over_yeah.wav,0.5,6.218062400817871
.gamerscore,Soundpack/Custom/gamerscore.wav,0.699999988079071,0.37678003311157227
.gangnamstyle,Soundpack/Custom/gangnam_style.mp3,1,5
.ganondorf,Soundpack/Custom/nr_name06.dsp.wav,0.4000000059604645,0.8999166488647461
.gaslighter,Soundpack/Custom/gaslighter.wav,0.10000000149011612,5.036791801452637
.gaslighter2,Soundpack/Custom/gaslighter2.wav,0.10000000149011612,4.4226460456848145
.gawd,Soundpack/Custom/gawd.wav,0.20000000298023224,1.562000036239624
.gay,Soundpack/Custom/gay-echo.mp3,0.3499999940395355,4
.genitals,Soundpack/Custom/genitals.wav,0.10000000149011612,3.3657822608947754
.getlow,Soundpack/Custom/getlow.mp3,0.15000000596046448,0.699999988079071
.ggst1,Soundpack/Custom/NA_1304_Versus_Intro_1A.ogg,0.3499999940395355,3.5
.ggst2,Soundpack/Custom/NA_1305_Versus_Intro_1B.ogg,0.3499999940395355,4.5
.ggst3,Soundpack/Custom/NA_1401_Call_HeavenorHell_1.ogg,0.3499999940395355,2.5
.ghost,Soundpack/Custom/ghost.mp3,0.30000001192092896,4.900000095367432
.giant,Soundpack/Custom/nr_name07.dsp.wav,0.4000000059604645,0.6723333597183228
.giovanna2,Soundpack/Custom/giovanna2.wav,0.30000001192092896,4.448416709899902
.gl,Soundpack/Custom/Good_Luck_Starfox_64.mp3,1,1
.glegendary,./Soundpack/Custom/glegendary.wav,1,3.106229066848755
.goddayum,Soundpack/Custom/jalen_god_dayum.wav,0.4000000059604645,1.4117916822433472
.goh,Soundpack/Custom/nr_name26.dsp.wav,0.4000000059604645,0.5184166431427002
.goodlord,Soundpack/Custom/goodlord.wav,0.5,2.138118028640747
.gott,Soundpack/Custom/gott.mp3,0.15000000596046448,0.30000001192092896
.gottdamm,Soundpack/Custom/gottdamm.mp3,0.15000000596046448,0.800000011920929
.graph,Soundpack/Custom/graph.mp3,0.10000000149011612,4.199999809265137
.grav,Soundpack/Custom/grav.wav,0.5,1.3683542013168335
.great,Soundpack/Custom/great.wav,0.5,1.591428518295288
.greatest,Soundpack/Custom/greatest.wav,1,1.9521315097808838
.greedgod,Soundpack/Custom/greed_god.mp3,0.20000000298023224,0.4000000059604645
.green,Soundpack/Custom/green_parse.mp3,0.20000000298023224,2.700000047683716
.grenade,Soundpack/Custom/grenade.wav,0.10000000149011612,1.0029791593551636
.griddy,Soundpack/Custom/griddy.wav,0.10000000149011612,2.811337947845459
.grievous,Soundpack/Custom/fine_addition_to_my_collection.wav,1,4.691791534423828
.grunt,Soundpack/Custom/grunt_birthday_party.wav,0.699999988079071,2.424353837966919
.gundown,Soundpack/Custom/gun_down_the_furry.wav,1,0.823395848274231
.gwyn1,Soundpack/Custom/gwyn1.wav,0.25,3.119818687438965
.gwyn2,Soundpack/Custom/gwyn2.wav,0.25,4.633378505706787
.hahahaaa,Soundpack/Custom/Sample_0028.wav,0.4000000059604645,1.346500039100647
.hair,Soundpack/Custom/hair.wav,0.6000000238418579,1.968416690826416
.hamsandwich,Soundpack/Custom/ham_sandwich.wav,0.10000000149011612,3.63419508934021
.har,Soundpack/Custom/har.wav,0.20000000298023224,3.911904811859131
.hateyou,Soundpack/Custom/hate-you_CJxWsxV.mp3,0.20000000298023224,2.5999999046325684
.head,Soundpack/Custom/right_in_the_FUCKING_HEAD.wav,0.6000000238418579,2.0669615268707275
.heh,Soundpack/Custom/heh.wav,0.30000001192092896,0.8969583511352539
.hehehe,Soundpack/Custom/superstar_warrior.wav,0.20000000298023224,3.493129253387451
.hell,Soundpack/Custom/hell.wav,0.5,0.9980208277702332
.hellomario,Soundpack/Custom/hellomario.wav,0.30000001192092896,1.216099739074707
.hellomichael,Soundpack/Custom/hello_michael.wav,0.5,1.4753968715667725
.hellothere,Soundpack/Custom/hellothere.wav,0.30000001192092896,0.5643958449363708
.heybabe,Soundpack/Custom/OH_HEY_BABE.mp3,0.10000000149011612,7.800000190734863
.heynow,Soundpack/Custom/hey_now.mp3,0.15000000596046448,0.800000011920929
.heypeter,Soundpack/Custom/hey_peter.wav,0.4000000059604645,3.3956916332244873
.hiss,Soundpack/Custom/hiss.wav,0.4000000059604645,0.8359183669090271
.hiss2,Soundpack/Custom/hiss_2.wav,0.6000000238418579,2.211700677871704
.hldead,Soundpack/Custom/half_life_dead.wav,0.30000001192092896,5.794829845428467
.hmno,Soundpack/Custom/hotel_mario_no.wav,1,0.7151700854301453
.holdit,Soundpack/Custom/Phoenix_-_Spanish_Un_Momento.wav,0.6000000238418579,1.329748272895813
.homer,Soundpack/Custom/shar_homer_disco_nap.wav,0.5,2.1014058589935303
.honey,Soundpack/Custom/suisei-hi-honey_qwUSTa0.mp3,0.5,1.2999999523162842
.hono,Soundpack/Custom/hohohono.wav,0.5,1.5671201944351196
.hookers,Soundpack/Custom/hookers.wav,0.30000001192092896,2.230416774749756
.hotone,Soundpack/Custom/hotone.wav,0.5,2.669416666030884
.huey,Soundpack/Custom/huey.wav,0.4000000059604645,6.739296913146973
.huhh,Soundpack/Custom/huhh.mp3,0.5,1.2000000476837158
.hyena,Soundpack/Custom/hyena.mp3,0.5,1.399999976158142
.ic,Soundpack/Custom/isee.wav,1,2.6842856407165527
.icq,Soundpack/Custom/icq-message-sound.mp3,0.4000000059604645,1.2999999523162842
.id,Soundpack/Custom/id.wav,0.5,0.9406041502952576
.idiot,Soundpack/Custom/idiot.wav,0.20000000298023224,6.220407962799072
.ido,Soundpack/Custom/yesido.wav,1,1.7946032285690308
.ifigodown,Soundpack/Custom/if_i_go_down.wav,0.30000001192092896,2.9522902965545654
.ignore,Soundpack/Custom/ignore.mp3,0.4000000059604645,2.200000047683716
.illegal,Soundpack/Custom/illegal.wav,1,0.8641723394393921
.imdie,Soundpack/Custom/inugami-korone-mori-calliope-thank-you-forever-2.mp3,0.5,3
.inception,Soundpack/Custom/inception.mp3,0.15000000596046448,3
.informacione,Soundpack/Custom/information.wav,0.30000001192092896,6.237029552459717
.interest,Soundpack/Custom/interest.wav,0.30000001192092896,1.4154194593429565
.intervention,Soundpack/Custom/intervention.wav,0.5,1.125333309173584
.isabelle,Soundpack/Custom/isabelle_talking.wav,1,1.9652607440948486
.istanbul,Soundpack/Custom/istanbul.wav,0.4000000059604645,2.8850793838500977
.jH,Soundpack/Custom/may_jH.wav,0.699999988079071,1.2887074947357178
.jabroni,Soundpack/Custom/jabroni.wav,1,2.1657369136810303
.jalaqi,Soundpack/Custom/jalaqi.mp3,0.10000000149011612,3.799999952316284
.jalenjalen,Soundpack/Custom/jalenjalen.mp3,0.4000000059604645,3.200000047683716
.jalenmoment,Soundpack/Custom/jalenmoment.mp3,0.10000000149011612,2.799999952316284
.jam,Soundpack/Custom/James_May_says_Jam.mp3,0.30000001192092896,1.399999976158142
.je,Soundpack/Custom/je.wav,0.019999999552965164,1.3875510692596436
.jebait,Soundpack/Custom/mikejebait.mp3,0.699999988079071,3
.jeff,Soundpack/Custom/dj_jazzy_jeff.wav,0.10000000149011612,0.8464375138282776
.jermacringe,Soundpack/Custom/cringe.wav,0.699999988079071,2.4380953311920166
.jestin,Soundpack/Custom/jestin.wav,0.20000000298023224,3.5930838584899902
.jigglypuff,Soundpack/Custom/nr_name0d.dsp.wav,0.4000000059604645,0.905916690826416
.jo,Soundpack/Custom/jo.wav,0.019999999552965164,1.3935600519180298
.johns,Soundpack/Custom/reggie_johns.wav,0.5,1.9748958349227905
.js,Soundpack/Custom/jumpscare.wav,0.20000000298023224,1.5520408153533936
.ju,Soundpack/Custom/ju.wav,0.019999999552965164,1.3884127140045166
.jumpluff,Soundpack/Custom/jumpluff.wav,0.5,2.0724167823791504
.justrun,Soundpack/Custom/just_run.wav,0.15000000596046448,1.8189796209335327
.jxq,Soundpack/Custom/JXQ.wav,1,2.1014058589935303
.katrina,Soundpack/Custom/where_was_kh2_during_katrina.wav,0.6000000238418579,4.2576189041137695
.keepposting,Soundpack/Custom/keep_posting.wav,0.4000000059604645,3.050680160522461
.keys,Soundpack/Custom/boo_boo_keys.wav,0.6000000238418579,1.3900624513626099
.kh2,Soundpack/Custom/kh2.wav,0.6000000238418579,4.881859302520752
.kills,Soundpack/Custom/kills.wav,0.10000000149011612,1.0102916955947876
.kimochi,Soundpack/Custom/kimochi.mp3,0.20000000298023224,4.400000095367432
.kindasad,Soundpack/Custom/kinda_sad.wav,0.6000000238418579,2.9535601139068604
.kirbee,Soundpack/Custom/Kirby-eee.wav,0.15000000596046448,0.7723749876022339
.kirby,Soundpack/Custom/kirby.mp3,0.4000000059604645,2
.kirbydrown,Soundpack/Custom/Kirby-underwater.wav,0.15000000596046448,1.1993541717529297
.kiryu,Soundpack/Custom/kiryu-chan-majima.mp3,0.30000001192092896,1.2999999523162842
.kiwi,Soundpack/Custom/kiwi.wav,0.30000001192092896,0.7214791774749756
.klonoa,Soundpack/Custom/klonoa.wav,0.699999988079071,1.3448299169540405
.klonoameteor,Soundpack/Custom/v00507.wav,0.699999988079071,1.9552834033966064
.km,Soundpack/Custom/km.mp3,0.30000001192092896,5
.knockingkiller,Soundpack/Custom/knockingkiller.wav,0.30000001192092896,5.900000095367432
.kronk,Soundpack/Custom/kronk.wav,0.20000000298023224,1.997165560722351
.kys,Soundpack/Custom/kys.wav,0.20000000298023224,1.0610884428024292
.lala,Soundpack/Custom/lala.wav,0.5,3.247854232788086
.lamers,Soundpack/Custom/lamers.wav,0.4000000059604645,4.063084125518799
.landed,Soundpack/Custom/landed_on_it.wav,0.6000000238418579,3.2291042804718018
.lb3,Soundpack/Custom/lb3.wav,0.10000000149011612,4.099999904632568
.leaf,Soundpack/Custom/leave.ogg,0.5,0.6000000238418579
.learn,Soundpack/Custom/learn.ogg,0.4000000059604645,1.7000000476837158
.leave,Soundpack/Custom/leave.wav,0.4000000059604645,3.0487074851989746
.leech,Soundpack/Custom/leech.wav,0.30000001192092896,1.7950416803359985
.legend,Soundpack/Custom/i_am_a_fucking_legend.wav,0.6000000238418579,1.6049206256866455
.legendary,./Soundpack/Custom/legendary.wav,1,2.8072292804718018
.lego,Soundpack/Custom/lego_breaking.wav,0.4000000059604645,1.0385714769363403
.lg,Soundpack/Custom/letsgo.wav,0.6000000238418579,1.8111565113067627
.lie,Soundpack/Custom/lied.wav,0.6000000238418579,0.8929705023765564
.limit,Soundpack/Custom/limit-on-talking.mp3,0.5,5.699999809265137
.link,Soundpack/Custom/nr_name12.dsp.wav,0.4000000059604645,0.7544999718666077
.linkstar,Soundpack/Custom/link0e.dsp.wav,0.20000000298023224,2.181593656539917
.liquid,Soundpack/Custom/liquid.wav,0.20000000298023224,2.83351469039917
.living,Soundpack/Custom/living.mp3,0.30000001192092896,1.899999976158142
.localized,Soundpack/Custom/localized.wav,0.5,8.856144905090332
.lostmachine,Soundpack/Custom/Too_bad_you_lost_your_machine.wav,0.5,3.2880001068115234
.lotsaspaghetti,Soundpack/Custom/hotel_mario_lotsa_spaghetti.wav,1,1.8528118133544922
.lovedit,Soundpack/Custom/loved_it.wav,0.6000000238418579,4.969062328338623
.ltbk,Soundpack/Custom/ltbk.wav,0.019999999552965164,1.3509750366210938
.ltg,Soundpack/Custom/LTG_speech_the_good_ending.wav,0.10000000149011612,3.9000000953674316
.ludicrous,Soundpack/Custom/ludicrous-speed.mp3,0.5,3.200000047683716
.luigi,Soundpack/Custom/nr_name14.dsp.wav,0.4000000059604645,0.8837500214576721
.luncheon,Soundpack/Custom/luncheon.wav,0.5,2.17455792427063
.lys,Soundpack/Custom/lys.wav,0.6000000238418579,2.8875417709350586
.madden,Soundpack/Custom/john_madden.wav,0.699999988079071,0.9636281132698059
.madden!,Soundpack/Custom/john_madden_exclamation_mark.wav,0.699999988079071,1.0100680589675903
.mail,Soundpack/Custom/yougotmail.mp3,1,1
.majima,Soundpack/Custom/majima_goro.wav,0.30000001192092896,2.4066457748413086
.maldigani,Soundpack/Custom/maldigani.wav,0.20000000298023224,2.441812515258789
.mama,Soundpack/Custom/smsunshine_mario_burned_1.wav,0.4000000059604645,2.8176229000091553
.mapawareness,Soundpack/Custom/mapawareness.wav,0.10000000149011612,0.812624990940094
.marioo,Soundpack/Custom/nr_name15.dsp.wav,0.4000000059604645,1.2671666145324707
.marth,Soundpack/Custom/nr_name16.dsp.wav,0.4000000059604645,0.5052499771118164
.matter,Soundpack/Custom/whats_the_matter.wav,0.5,1.6956875324249268
.may,Soundpack/Custom/may.wav,0.5,0.8260997533798218
.mays,Soundpack/Custom/billy_mays.wav,0.800000011920929,3.614285707473755
.mch,Soundpack/Custom/mch.wav,0.20000000298023224,1.8927500247955322
.mean,Soundpack/Custom/mean_that.wav,0.20000000298023224,2.929206371307373
.megabeam,Soundpack/Custom/megabeam.wav,1,2.880000114440918
.melee,Soundpack/Custom/nr_title01.dsp.wav,0.20000000298023224,6.682666778564453
.meleeop,Soundpack/Custom/meleeOP.wav,0.10000000149011612,7.615396976470947
.mental,Soundpack/Custom/mental.wav,0.15000000596046448,2.5358049869537354
.mercer,Soundpack/Custom/matthewmercer.wav,0.6000000238418579,0.89884352684021
.messup,Soundpack/Custom/messup.wav,0.05000000074505806,2.5505216121673584
.metal,Soundpack/Custom/nr_name17.dsp.wav,0.4000000059604645,0.8399999737739563
.mhmm,Soundpack/Custom/mhmm.wav,0.5,0.534512460231781
.michael2,Soundpack/Custom/michael2.wav,0.30000001192092896,1.6832199096679688
.mimimi,Soundpack/Custom/mimimi.wav,0.5,1.902333378791809
.mmk,Soundpack/Custom/mmk.wav,0.4000000059604645,1.05650794506073
.mmm,Soundpack/Custom/mmm.wav,1,0.6600680351257324
.moan,Soundpack/Custom/moan.wav,0.5,0.8210416436195374
.monkey,Soundpack/Custom/monkey.wav,0.30000001192092896,3.4507482051849365
.monkeychain,Soundpack/Custom/monkey_chain.wav,0.30000001192092896,1.813423991203308
.monkeyfist,Soundpack/Custom/monkey_fist.wav,0.30000001192092896,1.7367119789123535
.monkeyfood,Soundpack/Custom/monkey_food.wav,0.30000001192092896,1.7433559894561768
.monkeyyy,Soundpack/Custom/THE_MONKEYYYYY.wav,0.30000001192092896,2.7228798866271973
.morbin,Soundpack/Custom/morbin.wav,0.6000000238418579,3.4070749282836914
.morphin,Soundpack/Custom/morphin_time.mp3,0.5,1
.mouth,Soundpack/Custom/mouth.wav,1,7.788843631744385
.mrbeast,Soundpack/Custom/mrbeast.wav,0.10000000149011612,2.2953741550445557
.msm,Soundpack/Custom/monkeys_spinning_monkeys.wav,0.30000001192092896,6.673458099365234
.mtq,Soundpack/Custom/mtq.mp3,0.20000000298023224,1.7999999523162842
.myb,Soundpack/Custom/myb.wav,0.5,1.311020851135254
.myballs,Soundpack/Custom/myballs.mp3,0.10000000149011612,0.8999999761581421
.myeah,Soundpack/Custom/myeah.wav,0.699999988079071,0.5709523558616638
.nael1,Soundpack/Custom/sashimi.wav,0.10000000149011612,1.2048072814941406
.nael2,Soundpack/Custom/ravioli.wav,0.10000000149011612,2.286235809326172
.nancy,Soundpack/Custom/nancy.wav,1,7.823968410491943
.need,Soundpack/Custom/need.wav,0.5,2.635937452316284
.needneed,Soundpack/Custom/needneed.wav,0.10000000149011612,0.9313605427742004
.negative,Soundpack/Custom/negative_event.wav,0.20000000298023224,2.5774149894714355
.neosaurs,Soundpack/Custom/sniper_neosaurs_clean.wav,0.6000000238418579,2.2204082012176514
.next,Soundpack/Custom/who_next.mp3,0.4000000059604645,0.800000011920929
.nice,Soundpack/Custom/noice.wav,1,0.8992290496826172
.nickel,Soundpack/Custom/nickel.wav,0.15000000596046448,1.4474602937698364
.nigga,Soundpack/Custom/jaleNword.mp3,0.20000000298023224,0.699999988079071
.night,Soundpack/Custom/all_night.mp3,0.5,5.300000190734863
.no,Soundpack/Custom/pain2.wav,0.30000001192092896,0.7846711874008179
.noh,Soundpack/Custom/noh.wav,0.5,0.30371883511543274
.nointerest,Soundpack/Custom/no_interest.wav,0.30000001192092896,1.7048299312591553
.nom,Soundpack/Custom/nom-nom-nom_gPJiWn4.mp3,0.4000000059604645,1.7000000476837158
.noo,Soundpack/Custom/noo.wav,0.3499999940395355,0.5863491892814636
.nooo,Soundpack/Custom/NOOOO.wav,0.6000000238418579,0.5544999837875366
.nooooo,Soundpack/Custom/nooooo.wav,0.20000000298023224,2.667755126953125
.nopower,Soundpack/Custom/nopower.wav,0.20000000298023224,9.388752937316895
.normal,Soundpack/Custom/normal.wav,0.699999988079071,0.9404081702232361
.notabanger,Soundpack/Custom/this_is_not_a_banger.wav,0.44999998807907104,4.251208305358887
.notbritish,Soundpack/Custom/notbritish.wav,0.5,2.330703020095825
.notpoggers,Soundpack/Custom/not_poggers.mp3,0.4000000059604645,1.7999999523162842
.number15,Soundpack/Custom/number_fifteen.wav,0.6000000238418579,3.422743797302246
.number2,Soundpack/Custom/number_two.wav,0.4000000059604645,2.636847972869873
.number6,Soundpack/Custom/number_six.wav,0.5,6.898118019104004
.number7,Soundpack/Custom/number_seven.wav,0.5,4.868276596069336
.nuts,Soundpack/Custom/nuts.wav,0.10000000149011612,3.183854818344116
.nwah,Soundpack/Custom/scuma.wav,0.5,4.139115810394287
.nyui,Soundpack/Custom/nyui.wav,0.4000000059604645,1.0106041431427002
.o,Soundpack/Custom/o_entertainment_logo.wav,0.5,2.9702494144439697
.oak,Soundpack/Custom/oak6.wav,0.5,0.9200000166893005
.obama,Soundpack/Custom/barack.wav,0.10000000149011612,2.755510091781616
.obese,Soundpack/Custom/obese.wav,0.699999988079071,0.9636281132698059
.objection,Soundpack/Custom/Layton_-_Objection.mp3,0.4000000059604645,1.100000023841858
.oceanman,Soundpack/Custom/oceanman.mp3,0.10000000149011612,5.699999809265137
.ocelot,Soundpack/Custom/spin.wav,0.20000000298023224,1.0463491678237915
.office,Soundpack/Custom/fatcock.wav,1,1.923718810081482
.oh,Soundpack/Custom/shop_0.aw_00000027.wav,0.5,1.4651639461517334
.ohh,Soundpack/Custom/Sample_0029.wav,0.4000000059604645,0.8189687728881836
.ohhh,Soundpack/Custom/oh.wav,0.10000000149011612,0.6200453639030457
.ohko,Soundpack/Custom/ohko.wav,0.5,3.479875087738037
.ohnyo,Soundpack/Custom/gawr-gura-oh-nyo.mp3,0.5,1.5
.oho,Soundpack/Custom/simsoho.mp3,0.800000011920929,0.6000000238418579
.ohsean,Soundpack/Custom/ohsean.wav,0.5,2.682145833969116
.ohwow,Soundpack/Custom/ohwow.wav,0.5,2.9108541011810303
.oil,Soundpack/Custom/oil.wav,1,5.6807708740234375
.onemore,Soundpack/Custom/onemore.wav,0.20000000298023224,1.8512017726898193
.oo,Soundpack/Custom/oo.wav,0.019999999552965164,1.381587266921997
.oogaghgh,Soundpack/Custom/Kirby-oogaghgh.wav,0.15000000596046448,0.8281041383743286
.ooh,Soundpack/Custom/ooh.mp3,0.20000000298023224,1.2000000476837158
.ook,Soundpack/Custom/ook_on.ogg,0.5,3.4000000953674316
.oooaaa,Soundpack/Custom/oooaaa.wav,0.4000000059604645,0.9022902250289917
.oops,Soundpack/Custom/Parappa_.mp3,0.30000001192092896,0.30000001192092896
.ootfall,Soundpack/Custom/ootfall.wav,0.4000000059604645,2.8920633792877197
.orc,Soundpack/Custom/orc.mp3,0.20000000298023224,1.7999999523162842
.over,Soundpack/Custom/nr_1p03.dsp.wav,0.30000001192092896,2.093583345413208
.oxygen,Soundpack/Custom/oxygen.wav,0.20000000298023224,2.555600881576538
.pace1,Soundpack/Custom/my_insane_pace.wav,0.6000000238418579,1.1064399480819702
.pace2,Soundpack/Custom/look_at_the_FUCKING_pace.wav,0.6000000238418579,1.507664442062378
.papaya,Soundpack/Custom/papaya.mp3,0.10000000149011612,0.800000011920929
.paradise,Soundpack/Custom/paradise.wav,0.20000000298023224,6.045021057128906
.paradox,Soundpack/Custom/paradox.wav,0.6000000238418579,2.0006349086761475
.parents,Soundpack/Custom/parents.ogg,1,2.299999952316284
.paris,Soundpack/Custom/paris.wav,0.10000000149011612,3.434875011444092
.party,Soundpack/Custom/party.mp3,0.5,3.9000000953674316
.partyanimals,Soundpack/Custom/party_animals.wav,1,1.5768749713897705
.pass,Soundpack/Custom/pass.mp3,0.6000000238418579,0.5
.passionate,./Soundpack/Custom/passionate.mp3,0.30000001192092896,2.5
.pc,Soundpack/Custom/pc.wav,0.10000000149011612,1.2791836261749268
.peggle,Soundpack/Custom/PEGGLE_2.wav,0.5,1.5209070444107056
.peppers,Soundpack/Custom/peppers.mp3,0.4000000059604645,0.5
.petition1,Soundpack/Custom/dude_petition1a.wav,0.5,2.392652988433838
.petition2,Soundpack/Custom/dude_petition2a.wav,0.5,1.664126992225647
.petition3,Soundpack/Custom/dude_petition3b.wav,0.5,3.3071656227111816
.pf,Soundpack/Custom/pf.wav,0.4000000059604645,2.9354166984558105
.phillip,Soundpack/Custom/phillip.wav,0.15000000596046448,2.087369680404663
.phoneguy,Soundpack/Custom/hellohello.wav,0.75,2.1562585830688477
.phones,Soundpack/Custom/do_you_guys_not_have_phones.wav,1,2.9775283336639404
.physrange,Soundpack/Custom/phys_range.wav,0.5,1.7185208797454834
.pika,Soundpack/Custom/pika.mp3,0.10000000149011612,0.699999988079071
.pikmin,Soundpack/Custom/collin_from_pikmin_4_saying_pussy.wav,1,0.589206337928772
.ping,Soundpack/Custom/ping.wav,0.4000000059604645,3.286208391189575
.pistol,Soundpack/Custom/pistol.wav,0.10000000149011612,0.812624990940094
.pizzaday,Soundpack/Custom/pizza_day.wav,0.5,6.966333389282227
.pl,Soundpack/Custom/pl.wav,0.5,0.9384375214576721
.planet,Soundpack/Custom/planet.wav,0.5,1.6672916412353516
.playagain,Soundpack/Custom/playagain.wav,0.05000000074505806,4.937732219696045
.playasluigi,Soundpack/Custom/super_luigi_galaxy.wav,0.6499999761581421,3.6434919834136963
.pls,Soundpack/Custom/pls.wav,0.30000001192092896,1.9811458587646484
.podracing,Soundpack/Custom/now-this-is-pod-racing.mp3,0.5,2.200000047683716
.poggers2,Soundpack/Custom/POGGERS_1.mp3,0.3499999940395355,1.2000000476837158
.pokemon,Soundpack/Custom/Pal_Captured.mp3,0.6000000238418579,2.200000047683716
.pooped,Soundpack/Custom/pooped.wav,0.699999988079071,3.626166582107544
.popflashes,Soundpack/Custom/popflashes.wav,0.10000000149011612,1.024916648864746
.pornelius,Soundpack/Custom/pluto_begging.wav,0.6000000238418579,1.9039455652236938
.positioning,Soundpack/Custom/positioning.wav,0.10000000149011612,0.9444166421890259
.potemkin,Soundpack/Custom/potemkin-buster_rO5W6ay.mp3,0.4000000059604645,2.299999952316284
.powerfuck,Soundpack/Custom/powerfuck.wav,1,3.757052183151245
.poyo,Soundpack/Custom/poyo.mp3,0.4000000059604645,0.6000000238418579
.pranked,Soundpack/Custom/pranked.wav,1,0.973312497138977
.pratt,Soundpack/Custom/chris_pratt.wav,0.6000000238418579,2.083106517791748
.puffer,Soundpack/Custom/pufferfish.mp3,0.25,0.5
.pull,Soundpack/Custom/pull.wav,1,1.6428571939468384
.punch,Soundpack/Custom/punch.wav,0.5,0.29657596349716187
.purin,Soundpack/Custom/nr_name0e.dsp.wav,0.4000000059604645,0.8067499995231628
.purpose,Soundpack/Custom/purpose.wav,0.20000000298023224,1.8382313251495361
.python,Soundpack/Custom/python.wav,1,3.197624921798706
.quilt,Soundpack/Custom/hes_a_quilt.wav,0.6000000238418579,1.9303628206253052
.quit,Soundpack/Custom/quit.wav,0.6000000238418579,4.435011386871338
.r2d2,Soundpack/Custom/r2-d2-scream.mp3,1,2.4000000953674316
.raider,Soundpack/Custom/tusken-raider-cry.mp3,0.4000000059604645,3.4000000953674316
.ram,Soundpack/Custom/ram.wav,0.5,2.2708957195281982
.ramsay,Soundpack/Custom/kitchen_nightmares_sound.wav,0.20000000298023224,3.5676870346069336
.raptors,Soundpack/Custom/raptors_clean.wav,0.6000000238418579,1.7037642002105713
.rattle,Soundpack/Custom/VO_SCH_621_Male_Undead_Play_01.wav,0.20000000298023224,5.3338751792907715
.rc,Soundpack/Custom/Windows_Hardware_Insert.wav,1,1.677913784980774
.rdy,Soundpack/Custom/rdy.wav,0.019999999552965164,1.0701360702514648
.ready,Soundpack/Custom/nr_name2c.dsp.wav,0.4000000059604645,0.812583327293396
.realscream,Soundpack/Custom/real_scream.wav,0.30000001192092896,0.9086250066757202
.record,Soundpack/Custom/nr_1p00.dsp.wav,0.4000000059604645,2.7384166717529297
.rejected,Soundpack/Custom/NA_1703_Result_Rejected.ogg,0.3499999940395355,1.5
.remindme,Soundpack/Custom/hotel_mario_remind_me.wav,0.800000011920929,1.942630410194397
.req,Soundpack/Custom/req.wav,0.5,1.510312557220459
.retake,Soundpack/Custom/retake.wav,0.10000000149011612,1.464187502861023
.richard,Soundpack/Custom/richard.wav,0.5,0.9351246953010559
.richard2,Soundpack/Custom/richard2.wav,0.5,1.0078457593917847
.right,Soundpack/Custom/right.wav,0.3499999940395355,1.4316458702087402
.righthappy,Soundpack/Custom/righthappy.wav,1,1.7308616638183594
.rip,Soundpack/Custom/rip.wav,1,4.224444389343262
.rizz,./Soundpack/Custom/rizz.mp3,0.30000001192092896,1.899999976158142
.roast,Soundpack/Custom/roast.wav,0.5,1.275578260421753
.rotmg,Soundpack/Custom/rotmg.mp3,0.5,4.900000095367432
.rpr,Soundpack/Custom/rpr.wav,0.5,3.341583251953125
.rutzou,Soundpack/Custom/rutzou.wav,0.6000000238418579,3.294965982437134
.s,Soundpack/Custom/silence.mp3,0,0.20000000298023224
.samurai,Soundpack/Custom/samurai.mp3,0.30000001192092896,3.4000000953674316
.sand,Soundpack/Custom/i-dont-like-sand_1qxxPuD.mp3,0.30000001192092896,7.699999809265137
.sandstorm,Soundpack/Custom/sandstorm.wav,0.4000000059604645,3.3137917518615723
.sandwich,Soundpack/Custom/jxq_sandwich.wav,1,7.291065692901611
.sans,Soundpack/Custom/san.mp3,1,0.10000000149011612
.saxophone,Soundpack/Custom/saxophone.mp3,0.15000000596046448,1.600000023841858
.sayit,Soundpack/Custom/please_say_it.wav,0.15000000596046448,4.186666488647461
.sayword?,Soundpack/Custom/say_word.wav,0.20000000298023224,1
.sbfail,Soundpack/Custom/sbfail.wav,1,3.1996371746063232
.scatman,Soundpack/Custom/scatman.mp3,0.699999988079071,7.699999809265137
.schemingweasel,Soundpack/Custom/scheming_weasel.wav,0.30000001192092896,5.7125396728515625
.scout,Soundpack/Custom/scout_specialcompleted03.mp3,0.30000001192092896,0.4000000059604645
.scream,Soundpack/Custom/somebody_scream.wav,0.20000000298023224,3.8232879638671875
.screenshot,Soundpack/Custom/screenshot.wav,0.5,3.141124963760376
.seed,Soundpack/Custom/seed.wav,0.699999988079071,3.1438748836517334
.seething,Soundpack/Custom/seething.wav,0.5,3.638645887374878
.seeyou,Soundpack/Custom/oak14.wav,1,0.6399999856948853
.seinfeld,Soundpack/Custom/seinfeld.mp3,0.30000001192092896,4.400000095367432
.seymour,Soundpack/Custom/seymour.wav,0.5,2.089501142501831
.shazbot,Soundpack/Custom/shazbot.mp3,1,0.699999988079071
.sheesh,Soundpack/Custom/sheesh.wav,0.30000001192092896,1
.sheik,Soundpack/Custom/nr_name20.dsp.wav,0.4000000059604645,0.656416654586792
.shid,Soundpack/Custom/shid.wav,0.20000000298023224,1.208958387374878
.shidded,Soundpack/Custom/shidded_and_farded.wav,1,3.6209583282470703
.shieldup,Soundpack/Custom/shield.wav,0.20000000298023224,3.41927433013916
.shine,Soundpack/Custom/shine.wav,0.30000001192092896,0.25168749690055847
.shit,Soundpack/Custom/shit.wav,0.10000000149011612,2.273764133453369
.showme,Soundpack/Custom/showme.wav,1,0.7774149775505066
.sid,Soundpack/Custom/3499.wav,0.30000001192092896,3.4313831329345703
.sidney,Soundpack/Custom/sidney.wav,0.10000000149011612,0.4776458442211151
.simp,Soundpack/Custom/simp.wav,0.3499999940395355,1.6819047927856445
.sims,Soundpack/Custom/sul-sul.mp3,0.5,1.2000000476837158
.skeet,Soundpack/Custom/skeet.mp3,0.15000000596046448,1.5
.skill,Soundpack/Custom/biden-skill-issue.mp3,0.5,0.699999988079071
.skype,Soundpack/Custom/skype.wav,0.3499999940395355,3.825578212738037
.slash,Soundpack/Custom/BANK_0F_INSTR_0008_SND_0000.wav,0.5,0.5688889026641846
.sm,Soundpack/Custom/SIMP.wav,0.6000000238418579,1.6819047927856445
.smallthings,Soundpack/Custom/smallthings.wav,0.15000000596046448,1.584308385848999
.smash4,Soundpack/Custom/smash_4.wav,0.10000000149011612,6.743015766143799
.smashthat,Soundpack/Custom/all01_h03_sd.wav,0.5,1.493333339691162
.smell,Soundpack/Custom/mr_krabs_-_do_ya_smell_it.wav,1,1.0321089029312134
.smesh,Soundpack/Custom/smash.mp3,0.5,0.6000000238418579
.smokes,Soundpack/Custom/smokes.wav,0.10000000149011612,0.7979791760444641
.smosh,Soundpack/Custom/nr_title03.dsp.wav,0.4000000059604645,5.65024995803833
.sneakysnitch,Soundpack/Custom/sneaky_snitch.wav,0.30000001192092896,11.029208183288574
.sneakysnitch2,Soundpack/Custom/sneaky_snitch_2.wav,0.30000001192092896,11.039812088012695
.sneeze,Soundpack/Custom/sneeze.wav,0.30000001192092896,0.9501041769981384
.sniped,Soundpack/Custom/sniped.wav,0.029999999329447746,1.987625002861023
.soka,./Soundpack/Custom/okay.mp3,1,0.4000000059604645
.solong,Soundpack/Custom/sm64_mario_so_long_bowser.wav,1,1.4980000257492065
.sorry,Soundpack/Custom/sorry.wav,1,1.261451244354248
.source2,Soundpack/Custom/source.wav,0.6000000238418579,3.758979558944702
.spaghetti,Soundpack/Custom/hotel_mario_spaghetti.wav,1,0.7384580373764038
.spiderman,Soundpack/Custom/spiderman.wav,0.30000001192092896,0.5129478573799133
.spiffy,Soundpack/Custom/spiffy.wav,0.20000000298023224,1.8154422044754028
.splash,Soundpack/Custom/splash.wav,0.5,2.596937417984009
.spraycontrol,Soundpack/Custom/spraycontrol.wav,0.10000000149011612,0.7101250290870667
.stab,Soundpack/Custom/stab.wav,0.20000000298023224,2.464966058731079
.stadium2,Soundpack/Custom/stadium_2.wav,0.10000000149011612,7.045041561126709
.steam,Soundpack/Custom/message_2.mp3,0.5,0.800000011920929
.steph,Soundpack/Custom/steph.mp3,0.5,1.7999999523162842
.stop,Soundpack/Custom/pain3.wav,0.30000001192092896,0.6113378405570984
.stopposting,Soundpack/Custom/stop_posting.wav,0.10000000149011612,3.1468026638031006
.story,Soundpack/Custom/yakuza-0-ost-substory.mp3,0.15000000596046448,3.299999952316284
.storyend,Soundpack/Custom/storyend.mp3,0.15000000596046448,2.4000000953674316
.streamer,Soundpack/Custom/streamer.wav,0.5,1.2576041221618652
.streets112,Soundpack/Custom/1_12.wav,0.6000000238418579,2.7721314430236816
.stretching,Soundpack/Custom/stretching.wav,0.5,3.0006349086761475
.strike,Soundpack/Custom/strike.wav,0.20000000298023224,1.3804999589920044
.stroke,Soundpack/Custom/stroke.mp3,0.5,1.100000023841858
.stuffy,Soundpack/Custom/stuffy.wav,0.20000000298023224,3.304671287536621
.stupid,Soundpack/Custom/whatkindofstoopdareya.mp3,0.6000000238418579,1.2999999523162842
.success,Soundpack/Custom/nr_name2d.dsp.wav,0.4000000059604645,0.8539999723434448
.suction,Soundpack/Custom/suction_lXUaIEQ.mp3,0.800000011920929,0.8999999761581421
.support,Soundpack/Custom/support.wav,0.10000000149011612,3.2871041297912598
.surely,Soundpack/Custom/surely.wav,0.4000000059604645,0.864580512046814
.surprise,Soundpack/Custom/surprise.mp3,0.20000000298023224,5.099999904632568
.sus,Soundpack/Custom/when_the_imposter_is_sus.mp3,0.30000001192092896,8.199999809265137
.swap,Soundpack/Custom/swap.wav,0.30000001192092896,0.7607083320617676
.sweaty,Soundpack/Custom/sweaty.wav,0.699999988079071,2.8595690727233887
.sweep,Soundpack/Custom/sweep.wav,0.05000000074505806,1.9751020669937134
.sweepin,Soundpack/Custom/sweepin.wav,0.05000000074505806,3.001519203186035
.sworn,Soundpack/Custom/fortnite_sworn.wav,0.5,3.4510657787323
.take,Soundpack/Custom/mine.wav,0.20000000298023224,6.235827445983887
.tankbusted,Soundpack/Custom/jalen_getting_his_balls_tankbusted.wav,0.4000000059604645,4.992290019989014
.tarzan,Soundpack/Custom/tarzan.wav,0.5,1.8660833835601807
.taser,./Soundpack/Custom/taser.mp3,0.5,0.800000011920929
.tbn,Soundpack/Custom/tbn.wav,0.5,2.3362083435058594
.tea,Soundpack/Custom/yo_its_tea.wav,0.6000000238418579,3.1717007160186768
.terrible,Soundpack/Custom/terrible.wav,0.5,1.094399094581604
.texts,Soundpack/Custom/THE_SACRED_JEDI_TEXTS.wav,1,2.2058956623077393
.thanks,Soundpack/Custom/shop_0.aw_00000026.wav,0.5,1.4170081615447998
.thdead,Soundpack/Custom/pldead00.wav,0.10000000149011612,0.9229931831359863
.thechemicals,Soundpack/Custom/the_chemicals.wav,0.20000000298023224,1.2388209104537964
.theregoes,Soundpack/Custom/there_goes_the_battle.wav,0.5,3.446500062942505
.thighs,Soundpack/Custom/chicken_thighs.wav,0.6000000238418579,5.2578959465026855
.this,Soundpack/Custom/this.wav,0.4000000059604645,2.5620625019073486
.thwomp,Soundpack/Custom/Thwomp_Sound.wav,0.6000000238418579,0.7812471389770508
.tickle1,Soundpack/Custom/tickle1.wav,0.30000001192092896,2.1563265323638916
.tickle2,Soundpack/Custom/tickle2.wav,0.30000001192092896,1.9842630624771118
.tickle3,Soundpack/Custom/tickle3.wav,0.30000001192092896,1.9330158233642578
.titan1,Soundpack/Custom/bow_down_overdweller_1.wav,0.10000000149011612,3.5060625076293945
.titan2,Soundpack/Custom/bow_down_overdweller_2.wav,0.10000000149011612,3.5675625801086426
.titan3,Soundpack/Custom/bow_down_overdweller_3.wav,0.10000000149011612,3.5675625801086426
.titan4,Soundpack/Custom/bow_down_overdweller_4.wav,0.10000000149011612,3.5675625801086426
.toaster1,Soundpack/Custom/toaster1.wav,0.30000001192092896,3.6738333702087402
.toaster2,Soundpack/Custom/toaster2.wav,0.30000001192092896,3.4488749504089355
.toasty,Soundpack/Custom/toasty.mp3,0.699999988079071,1.2000000476837158
.todd,Soundpack/Custom/itjustworks.mp3,0.6499999761581421,2.0999999046325684
.tomorrow,Soundpack/Custom/ina-tomorrow.mp3,1,1.2999999523162842
.toofar,Soundpack/Custom/george_lucas_after_watching_the_first_cut_of_star_wars_episode_1_the_phantom_menace.wav,0.4000000059604645,2.092698335647583
.tool,Soundpack/Custom/tool_refill.wav,1,2.4672563076019287
.toontown,Soundpack/Custom/toontown-cat-long.mp3,0.4000000059604645,1.7000000476837158
.top,Soundpack/Custom/top.mp3,0.20000000298023224,1.100000023841858
.totsugeki,Soundpack/Custom/totsugeki_but_good.wav,0.20000000298023224,1.9254167079925537
.toxic,Soundpack/Custom/toxic.wav,0.5,1.9227083921432495
.training,Soundpack/Custom/NA_0110_Menu_Traning.ogg,0.3499999940395355,1.5
.tralala,Soundpack/Custom/my_tralalala.wav,0.20000000298023224,3.15791392326355
.tray,Soundpack/Custom/tray.wav,0.25,2.5890250205993652
.treat,Soundpack/Custom/now.wav,0.20000000298023224,1.7336281538009644
.trippin,Soundpack/Custom/trippin.wav,0.30000001192092896,1.0617291927337646
.trophy,Soundpack/Custom/trophy.wav,0.30000001192092896,1.1902040243148804
.truecare,Soundpack/Custom/truecare.wav,0.15000000596046448,1.860453486442566
.truthbrings,Soundpack/Custom/truthbrings.wav,0.15000000596046448,1.4082766771316528
.tub,Soundpack/Custom/tub.wav,0.30000001192092896,2.5968706607818604
.tumor,Soundpack/Custom/tumor.wav,0.5,1.8227664232254028
.turkey,Soundpack/Custom/turkey.wav,0.5,0.885729193687439
.turtle,Soundpack/Custom/turtle-mating.mp3,0.5,1
.tyler1,Soundpack/Custom/tyler1.wav,0.5,2.860430955886841
.tyoh,Soundpack/Custom/tyoh.wav,0.5,0.7957708239555359
.ua,Soundpack/Custom/ua.wav,0.019999999552965164,0.34580498933792114
.ukiki,Soundpack/Custom/Sample_0088.wav,0.4000000059604645,0.9232812523841858
.ultimate,Soundpack/Custom/lifelight.wav,0.10000000149011612,5.740294933319092
.umad,Soundpack/Custom/u_mad.wav,1,1.535729169845581
.undertale,Soundpack/Custom/undertale_game_over.wav,0.15000000596046448,8.72927474975586
.up,Soundpack/Custom/and_then_bwaaaagh.wav,0.699999988079071,3.3475208282470703
.uwa,Soundpack/Custom/fox0d.dsp.wav,0.20000000298023224,2.6075000762939453
.vader,Soundpack/Custom/noooooooooo.mp3,0.5,6.800000190734863
.velvet,Soundpack/Custom/feel_like_velvet_turtle.wav,0.6000000238418579,2.021655321121216
.versus,Soundpack/Custom/nr_1p0a.dsp.wav,0.4000000059604645,0.9975000023841858
.vibecheck,Soundpack/Custom/vibe_check.wav,0.15000000596046448,5.543287754058838
.viper,Soundpack/Custom/viper.wav,0.25,5.411496639251709
.volgin,Soundpack/Custom/volgin.wav,0.20000000298023224,4.600291728973389
.vs,Soundpack/Custom/versus.wav,1,0.6423541903495789
.wall,Soundpack/Custom/wall.mp3,0.15000000596046448,1.100000023841858
.walter,Soundpack/Custom/walter.wav,0.10000000149011612,2.3715193271636963
.wanyaumani,Soundpack/Custom/wanyaumani.wav,1,0.86099773645401
.wanyawanirupu,Soundpack/Custom/wanyawanirupu.wav,1,0.9961904883384705
.wariodies,Soundpack/Custom/mk64_wario05.wav,0.6000000238418579,2.010437488555908
.warp,Soundpack/Custom/sm64_warp.wav,0.699999988079071,1.0376875400543213
.watchout,Soundpack/Custom/watchout.wav,0.20000000298023224,3.403764247894287
.weapon,Soundpack/Custom/wefill.wav,0.6000000238418579,0.9262083172798157
.what??,Soundpack/Custom/WHATT.ogg,0.4000000059604645,1.899999976158142
.wheel,Soundpack/Custom/steering_wheel.mp3,0.15000000596046448,1.399999976158142
.wheesnaw,Soundpack/Custom/wheesnaw.wav,0.5,1.074263095855713
.where,Soundpack/Custom/wheres_the_bomb.wav,0.30000001192092896,2.042086124420166
.white,Soundpack/Custom/michael_is_white.wav,0.699999988079071,0.632645845413208
.whoah,Soundpack/Custom/WHOAH.wav,0.5,1.6236250400543213
.whoaoh,Soundpack/Custom/woah-oh-oh-ah-ah-ah-aaaa-ha-ah-ah-ah.wav,0.15000000596046448,7.271791458129883
.whomp,Soundpack/Custom/Whomp_Sound.wav,0.6000000238418579,0.9427891373634338
.whoo,Soundpack/Custom/whoo.wav,0.6000000238418579,0.8552916646003723
.wilhelm,Soundpack/Custom/wilhelm.mp3,0.30000001192092896,1
.win95,Soundpack/Custom/win95.wav,0.25,5.754937648773193
.window,Soundpack/Custom/window.mp3,0.10000000149011612,2.5
.wires,Soundpack/Custom/wires.wav,0.4000000059604645,1.3361451625823975
.woah,Soundpack/Custom/Sample_0032.wav,0.4000000059604645,0.6501562595367432
.wololo,Soundpack/Custom/sound-9.mp3,0.30000001192092896,1.5
.won,Soundpack/Custom/who_won.mp3,0.4000000059604645,0.8999999761581421
.wonderful,Soundpack/Custom/wonderful.wav,0.5,2.4782540798187256
.woo,Soundpack/Custom/woo_htcxajK.mp3,0.30000001192092896,0.5
.wood,Soundpack/Custom/wood.wav,0.5,0.5666213035583496
.world,Soundpack/Custom/scatmans_world.wav,0.15000000596046448,3.2661452293395996
.worldstar,Soundpack/Custom/world_star.wav,1,1.7701666355133057
.worthless,Soundpack/Custom/worthless.wav,0.20000000298023224,1.5841950178146362
.wrongdoor,Soundpack/Custom/wrong_door.wav,1,3.9789116382598877
.wtfaq,Soundpack/Custom/inugami-korone-what-the-faq.mp3,0.75,1.399999976158142
.wut,Soundpack/Custom/wut.wav,0.5,0.7867291569709778
.yabe,Soundpack/Custom/shirakami-fubuki-yabe.mp3,0.5,1.100000023841858
.yeehaw,Soundpack/Custom/yeehaw.wav,0.5,1.5351041555404663
.yess,Soundpack/Custom/yess.wav,0.5,0.5102267861366272
.yiff,Soundpack/Custom/yiff.wav,0.6000000238418579,1.6664166450500488
.yippee,Soundpack/Custom/yippee.wav,0.4000000059604645,2.050022602081299
.yoda,Soundpack/Custom/Lego_yoda_death_sound.mp3,0.6000000238418579,1.7999999523162842
.yoink,Soundpack/Custom/yoink.wav,1,4.125541687011719
.yoo,Soundpack/Custom/Japanese_Yoooo_Sound.mp3,0.5,2.200000047683716
.yoshi,Soundpack/Custom/yoshi.mp3,0.5,0.20000000298023224
.youagain,./Soundpack/Custom/youagain.wav,1,2.944000005722046
.youdied,Soundpack/Custom/dark-souls-_you-died_-sound-effect-from-youtube.mp3,0.4000000059604645,7.599999904632568
.yougood,Soundpack/Custom/damn_you_good.wav,1,6.400146007537842
.youthink,Soundpack/Custom/ytydbyd.wav,0.4000000059604645,1.8508163690567017
.youwhat,Soundpack/Custom/you-what.mp3,0.699999988079071,1.399999976158142
.yuno,Soundpack/Custom/Sample_0023.wav,0.4000000059604645,0.42803123593330383
.zinger,Soundpack/Custom/fat.wav,0.30000001192092896,3.453125
.hbl,Soundpack/Custom/honey_b_lovely1265722558217588770.wav,0.10000000149011612,3.091156005859375
.it,Soundpack/Custom/dbz-instant-transmission-sound-effect1266164242084663346.mp3,0.20000000298023224,0.5224490165710449
.slap,Soundpack/Custom/slap1266844681182908577.wav,0.5,1.8527499437332153
.flynut,Soundpack/Custom/flynut1266844753320874035.wav,0.5,2.740000009536743
.venga,Soundpack/Custom/venga1266844843070722160.wav,0.20000000298023224,1.6439460515975952
.metoobro,Soundpack/Custom/me_too_bro1266845054102671402.wav,0.5,0.8061680197715759
.rnl,Soundpack/Custom/real_nipple_lover1266846329045520427.wav,0.5,1.903812050819397
.rakaznar,Soundpack/Custom/so_we_back_in_the_mine1266845191130583151.wav,0.05000000074505806,1.9448750019073486
.tullali,Soundpack/Custom/tullali1266846658080280637.wav,0.800000011920929,0.7703329920768738
.gotta,Soundpack/Custom/gotta1269558715795636286.wav,0.5,1.0934580564498901
.prmoment,Soundpack/Custom/mch1269562236972699696.wav,0.4000000059604645,1.2522920370101929
.toothpicks,Soundpack/Custom/toothpicks1270890674387943495.wav,0.10000000149011612,1.7087500095367432
.walk,Soundpack/Custom/can_i_walk_over_this1270890917557178388.wav,0.699999988079071,2.0436251163482666
.herewego,Soundpack/Custom/here_we_go1270891073878622269.wav,0.699999988079071,1.7373130321502686
.letthemcome,Soundpack/Custom/let_them_come1270891158641315891.wav,0.4000000059604645,1.0013610124588013
.goron,Soundpack/Custom/goron1270891275058675806.wav,0.5,2.2540619373321533
.jack,Soundpack/Custom/jack_missed_rage_of_halone1270891414611300413.wav,0.6000000238418579,1.613787055015564
.rats,Soundpack/Custom/FILTHY_RATS1270891615975772251.wav,0.4000000059604645,1.6088889837265015
.sickness,Soundpack/Custom/SICKNESS_MUST_BE_PURGED1270891651048411189.wav,0.4000000059604645,2.3264400959014893
.goku,Soundpack/Custom/hey-its-me-goku1270891771366473780.mp3,0.20000000298023224,1.9199999570846558
.weezing,Soundpack/Custom/BANK_0E_INSTR_0009_SND_00001270891867034222654.wav,0.5,1.245169997215271
.lens,Soundpack/Custom/OOT_LensOfTruth_On1270891999574233129.wav,0.5,1.3708750009536743
